PID,B(Lat),L(Long),H,Bx,Ly,ReF,MCODE1,MCODE2,MCODE3
10001,0,0,2.766,-232.196,284.493,0,0,0,0
10002,0,0,2.819,-231.363,282.424,0,0,0,0
10003,0,0,2.881,-230.244,279.649,0,0,0,0
10004,0,0,2.88,-228.945,276.945,0,0,0,0
10005,0,0,2.875,-227.65,274.251,0,0,0,0
10006,0,0,2.423,-226.062,271.037,0,0,0,0
10007,0,0,2.423,-224.743,268.365,0,0,0,0
10008,0,0,2.423,-223.105,265.317,0,0,0,0
10009,0,0,2.423,-221.692,262.696,0,0,0,0
10010,0,0,2.423,-220.689,260.834,0,0,0,0
10011,0,0,2.404,-219.27,258.202,0,0,0,0
10012,0,0,2.374,-217.709,255.367,0,0,0,0
10013,0,0,2.36,-216.261,252.735,0,0,0,0
10014,0,0,2.335,-215.455,251.394,0,0,0,0
10015,0,0,2.31,-214.82,250.316,0,0,0,0
10016,0,0,2.293,-213.905,248.687,0,0,0,0
10017,0,0,2.282,-213.405,247.81,0,0,0,0
10018,0,0,2.271,-212.905,246.933,0,0,0,0
10019,0,0,2.26,-212.405,246.056,0,0,0,0
10020,0,0,2.25,-211.905,245.18,0,0,0,0
10021,0,0,2.239,-211.405,244.303,0,0,0,0
10022,0,0,2.228,-210.906,243.426,0,0,0,0
10023,0,0,2.218,-210.406,242.549,0,0,0,0
10024,0,0,2.207,-209.906,241.673,0,0,0,0
10025,0,0,2.196,-209.406,240.796,0,0,0,0
10026,0,0,2.185,-208.906,239.919,0,0,0,0
10027,0,0,2.175,-208.406,239.043,0,0,0,0
10028,0,0,2.164,-207.907,238.166,0,0,0,0
10029,0,0,2.153,-207.407,237.289,0,0,0,0
10030,0,0,2.143,-206.907,236.412,0,0,0,0
10031,0,0,2.132,-206.407,235.536,0,0,0,0
10032,0,0,2.121,-205.907,234.659,0,0,0,0
10033,0,0,2.11,-205.408,233.782,0,0,0,0
10034,0,0,2.1,-204.908,232.905,0,0,0,0
10035,0,0,2.089,-204.408,232.029,0,0,0,0
10036,0,0,2.078,-203.908,231.152,0,0,0,0
10037,0,0,2.068,-203.408,230.275,0,0,0,0
10038,0,0,2.057,-202.908,229.399,0,0,0,0
10039,0,0,2.046,-202.409,228.522,0,0,0,0
10040,0,0,2.035,-201.909,227.645,0,0,0,0
10041,0,0,2.025,-201.409,226.768,0,0,0,0
10042,0,0,2.014,-200.909,225.892,0,0,0,0
10043,0,0,2.003,-200.409,225.015,0,0,0,0
10044,0,0,1.993,-199.91,224.138,0,0,0,0
10045,0,0,1.982,-199.41,223.261,0,0,0,0
10046,0,0,1.971,-198.91,222.385,0,0,0,0
10047,0,0,1.96,-198.41,221.508,0,0,0,0
10048,0,0,1.95,-197.91,220.631,0,0,0,0
10049,0,0,1.939,-197.41,219.755,0,0,0,0
10050,0,0,1.928,-196.911,218.878,0,0,0,0
10051,0,0,1.918,-196.411,218.001,0,0,0,0
10052,0,0,1.907,-195.911,217.124,0,0,0,0
10053,0,0,1.896,-195.411,216.248,0,0,0,0
10054,0,0,1.885,-194.911,215.371,0,0,0,0
10055,0,0,1.875,-194.411,214.494,0,0,0,0
10056,0,0,1.864,-193.912,213.617,0,0,0,0
10057,0,0,1.853,-193.412,212.741,0,0,0,0
10058,0,0,1.843,-192.912,211.864,0,0,0,0
10059,0,0,1.832,-192.412,210.987,0,0,0,0
10060,0,0,1.821,-191.912,210.111,0,0,0,0
10061,0,0,1.81,-191.413,209.234,0,0,0,0
10062,0,0,1.8,-190.913,208.357,0,0,0,0
10063,0,0,1.789,-190.413,207.48,0,0,0,0
10064,0,0,1.778,-189.913,206.604,0,0,0,0
10065,0,0,1.768,-189.413,205.727,0,0,0,0
10066,0,0,1.757,-188.913,204.85,0,0,0,0
10067,0,0,1.746,-188.414,203.973,0,0,0,0
10068,0,0,1.735,-187.914,203.097,0,0,0,0
10069,0,0,1.725,-187.414,202.22,0,0,0,0
10070,0,0,1.714,-186.914,201.343,0,0,0,0
10071,0,0,1.703,-186.414,200.467,0,0,0,0
10072,0,0,1.693,-185.915,199.59,0,0,0,0
10073,0,0,1.682,-185.415,198.713,0,0,0,0
10074,0,0,1.671,-184.915,197.836,0,0,0,0
10075,0,0,1.66,-184.415,196.96,0,0,0,0
10076,0,0,1.65,-183.915,196.083,0,0,0,0
10077,0,0,1.639,-183.415,195.206,0,0,0,0
10078,0,0,1.628,-182.916,194.329,0,0,0,0
10079,0,0,1.617,-182.416,193.453,0,0,0,0
10080,0,0,1.607,-181.916,192.576,0,0,0,0
10081,0,0,1.596,-181.416,191.699,0,0,0,0
10082,0,0,1.585,-180.916,190.823,0,0,0,0
10083,0,0,1.575,-180.416,189.946,0,0,0,0
10084,0,0,1.564,-179.917,189.069,0,0,0,0
10085,0,0,1.553,-179.417,188.192,0,0,0,0
10086,0,0,1.543,-178.917,187.316,0,0,0,0
10087,0,0,1.532,-178.417,186.439,0,0,0,0
10088,0,0,1.521,-177.917,185.562,0,0,0,0
10089,0,0,1.51,-177.418,184.685,0,0,0,0
10090,0,0,1.5,-176.918,183.809,0,0,0,0
10091,0,0,1.489,-176.418,182.932,0,0,0,0
10092,0,0,1.478,-175.918,182.055,0,0,0,0
10093,0,0,1.468,-175.418,181.179,0,0,0,0
10094,0,0,1.457,-174.918,180.302,0,0,0,0
10095,0,0,1.446,-174.419,179.425,0,0,0,0
10096,0,0,1.435,-173.919,178.548,0,0,0,0
10097,0,0,1.425,-173.419,177.672,0,0,0,0
10098,0,0,1.414,-172.919,176.795,0,0,0,0
10099,0,0,1.403,-172.419,175.918,0,0,0,0
10100,0,0,1.393,-171.92,175.042,0,0,0,0
10101,0,0,1.391,-171.04,173.706,0,0,0,0
10102,0,0,1.381,-170.081,172.426,0,0,0,0
10103,0,0,1.363,-169.009,171.239,0,0,0,0
10104,0,0,1.351,-167.8,170.193,0,0,0,0
10105,0,0,1.354,-166.446,169.344,0,0,0,0
10106,0,0,1.291,-164.964,168.746,0,0,0,0
10107,0,0,1.354,-163.4,168.42,0,0,0,0
10108,0,0,1.263,-161.803,168.372,0,0,0,0
10109,0,0,1.263,-160.221,168.6,0,0,0,0
10110,0,0,1.263,-158.702,169.096,0,0,0,0
10111,0,0,1.24,-157.04,169.959,0,0,0,0
10112,0,0,1.238,-156.163,170.444,0,0,0,0
10113,0,0,1.234,-155.286,170.929,0,0,0,0
10114,0,0,1.23,-154.41,171.414,0,0,0,0
10115,0,0,1.226,-153.533,171.899,0,0,0,0
10116,0,0,1.222,-152.657,172.384,0,0,0,0
10117,0,0,1.219,-151.78,172.869,0,0,0,0
10118,0,0,1.215,-150.904,173.353,0,0,0,0
10119,0,0,1.211,-150.027,173.839,0,0,0,0
10120,0,0,1.207,-149.151,174.323,0,0,0,0
10121,0,0,1.204,-148.274,174.809,0,0,0,0
10122,0,0,1.2,-147.398,175.294,0,0,0,0
10123,0,0,1.196,-146.521,175.779,0,0,0,0
10124,0,0,1.192,-145.645,176.264,0,0,0,0
10125,0,0,1.188,-144.768,176.749,0,0,0,0
10126,0,0,1.185,-143.892,177.234,0,0,0,0
10127,0,0,1.181,-143.015,177.719,0,0,0,0
10128,0,0,1.177,-142.139,178.204,0,0,0,0
10129,0,0,1.173,-141.262,178.689,0,0,0,0
10130,0,0,1.17,-140.386,179.174,0,0,0,0
10131,0,0,1.113,-139.343,179.788,0,0,0,0
10132,0,0,1.114,-138.24,180.319,0,0,0,0
10133,0,0,1.117,-137.134,180.862,0,0,0,0
10134,0,0,1.111,-136.033,181.3,0,0,0,0
10135,0,0,1.089,-134.924,181.731,0,0,0,0
10136,0,0,1.084,-133.781,182.087,0,0,0,0
10137,0,0,1.079,-132.55,182.392,0,0,0,0
10138,0,0,1.042,-131.307,182.617,0,0,0,0
10139,0,0,1.093,-130.038,182.787,0,0,0,0
10140,0,0,1.039,-128.776,182.807,0,0,0,0
10141,0,0,1.07,-127.436,182.721,0,0,0,0
10142,0,0,1.018,-126.185,182.516,0,0,0,0
10143,0,0,1.014,-124.902,182.177,0,0,0,0
10144,0,0,1.002,-123.691,181.739,0,0,0,0
10145,0,0,0.946,-122.531,181.176,0,0,0,0
10146,0,0,0.978,-121.462,180.508,0,0,0,0
10147,0,0,0.939,-120.448,179.769,0,0,0,0
10148,0,0,0.934,-119.391,178.919,0,0,0,0
10149,0,0,0.907,-118.453,177.974,0,0,0,0
10150,0,0,0.883,-117.541,176.995,0,0,0,0
10151,0,0,0.884,-116.763,175.924,0,0,0,0
10152,0,0,0.889,-115.987,174.78,0,0,0,0
10153,0,0,0.857,-115.281,173.687,0,0,0,0
10154,0,0,0.847,-114.582,172.514,0,0,0,0
10155,0,0,0.856,-114.094,171.643,0,0,0,0
10156,0,0,0.851,-113.598,170.758,0,0,0,0
10157,0,0,0.847,-113.103,169.874,0,0,0,0
10158,0,0,0.842,-112.608,168.99,0,0,0,0
10159,0,0,0.838,-112.112,168.106,0,0,0,0
10160,0,0,0.834,-111.617,167.221,0,0,0,0
10161,0,0,0.829,-111.122,166.337,0,0,0,0
10162,0,0,0.825,-110.627,165.453,0,0,0,0
10163,0,0,0.82,-110.131,164.569,0,0,0,0
10164,0,0,0.816,-109.636,163.685,0,0,0,0
10165,0,0,0.812,-109.141,162.8,0,0,0,0
10166,0,0,0.807,-108.645,161.916,0,0,0,0
10167,0,0,0.803,-108.15,161.032,0,0,0,0
10168,0,0,0.798,-107.655,160.148,0,0,0,0
10169,0,0,0.794,-107.16,159.263,0,0,0,0
10170,0,0,0.79,-106.664,158.379,0,0,0,0
10171,0,0,0.785,-106.169,157.495,0,0,0,0
10172,0,0,0.781,-105.674,156.611,0,0,0,0
10173,0,0,0.777,-105.179,155.727,0,0,0,0
10174,0,0,0.695,-104.738,154.83,0,0,0,0
10175,0,0,0.688,-104.32,153.922,0,0,0,0
10176,0,0,0.717,-103.93,153.001,0,0,0,0
10177,0,0,0.679,-103.575,152.066,0,0,0,0
10178,0,0,0.639,-103.258,151.118,0,0,0,0
10179,0,0,0.681,-102.987,150.155,0,0,0,0
10180,0,0,0.677,-102.766,149.18,0,0,0,0
10181,0,0,0.625,-102.601,148.194,0,0,0,0
10182,0,0,0.634,-102.499,147.199,0,0,0,0
10183,0,0,0.65,-102.465,146.2,0,0,0,0
10184,0,0,0.667,-102.504,145.201,0,0,0,0
10185,0,0,0.649,-102.619,144.208,0,0,0,0
10186,0,0,0.73,-102.808,143.226,0,0,0,0
10187,0,0,0.637,-103.071,142.262,0,0,0,0
10188,0,0,0.635,-103.405,141.319,0,0,0,0
10189,0,0,0.675,-103.806,140.404,0,0,0,0
10190,0,0,0.587,-104.273,139.52,0,0,0,0
10191,0,0,0.587,-104.803,138.672,0,0,0,0
10192,0,0,0.626,-105.391,137.863,0,0,0,0
10193,0,0,0.631,-106.035,137.098,0,0,0,0
10194,0,0,0.636,-106.73,136.38,0,0,0,0
10195,0,0,0.621,-107.474,135.711,0,0,0,0
10196,0,0,0.656,-108.261,135.095,0,0,0,0
10197,0,0,0.657,-109.087,134.532,0,0,0,0
10198,0,0,0.655,-109.95,134.026,0,0,0,0
10199,0,0,0.661,-110.915,133.51,0,0,0,0
10200,0,0,0.671,-111.88,132.995,0,0,0,0
10201,0,0,0.763,-112.845,132.48,0,0,0,0
10202,0,0,0.681,-113.81,131.964,0,0,0,0
10203,0,0,0.591,-114.774,131.449,0,0,0,0
10204,0,0,0.847,-115.74,130.934,0,0,0,0
10205,0,0,0.783,-117.183,130.124,0,0,0,0
10206,0,0,0.79,-118.073,129.637,0,0,0,0
10207,0,0,0.797,-118.963,129.151,0,0,0,0
10208,0,0,0.805,-119.854,128.665,0,0,0,0
10209,0,0,0.812,-120.744,128.179,0,0,0,0
10210,0,0,0.82,-121.635,127.693,0,0,0,0
10211,0,0,0.827,-122.525,127.207,0,0,0,0
10212,0,0,0.834,-123.416,126.721,0,0,0,0
10213,0,0,0.842,-124.306,126.235,0,0,0,0
10214,0,0,0.849,-125.197,125.749,0,0,0,0
10215,0,0,0.857,-126.087,125.263,0,0,0,0
10216,0,0,0.864,-126.978,124.777,0,0,0,0
10217,0,0,0.871,-127.868,124.291,0,0,0,0
10218,0,0,0.879,-128.759,123.805,0,0,0,0
10219,0,0,0.886,-129.649,123.319,0,0,0,0
10220,0,0,0.894,-130.54,122.833,0,0,0,0
10221,0,0,0.901,-131.43,122.347,0,0,0,0
10222,0,0,0.908,-132.321,121.861,0,0,0,0
10223,0,0,0.916,-133.211,121.375,0,0,0,0
10224,0,0,0.923,-134.102,120.889,0,0,0,0
10225,0,0,0.931,-134.992,120.403,0,0,0,0
10226,0,0,0.938,-135.883,119.917,0,0,0,0
10227,0,0,0.946,-136.773,119.431,0,0,0,0
10228,0,0,0.953,-137.664,118.945,0,0,0,0
10229,0,0,0.96,-138.554,118.459,0,0,0,0
10230,0,0,0.968,-139.445,117.973,0,0,0,0
10231,0,0,0.975,-140.335,117.487,0,0,0,0
10232,0,0,0.983,-141.226,117.001,0,0,0,0
10233,0,0,0.99,-142.116,116.515,0,0,0,0
10234,0,0,0.997,-143.007,116.029,0,0,0,0
10235,0,0,1.005,-143.897,115.543,0,0,0,0
10236,0,0,1.012,-144.788,115.057,0,0,0,0
10237,0,0,1.02,-145.678,114.571,0,0,0,0
10238,0,0,1.027,-146.569,114.085,0,0,0,0
10239,0,0,1.034,-147.459,113.599,0,0,0,0
10240,0,0,1.042,-148.349,113.113,0,0,0,0
10241,0,0,1.049,-149.24,112.627,0,0,0,0
10242,0,0,1.057,-150.13,112.141,0,0,0,0
10243,0,0,1.064,-151.021,111.655,0,0,0,0
10244,0,0,1.071,-151.911,111.169,0,0,0,0
10245,0,0,1.079,-152.802,110.683,0,0,0,0
10246,0,0,1.086,-153.692,110.197,0,0,0,0
10247,0,0,1.094,-154.583,109.711,0,0,0,0
10248,0,0,1.101,-155.473,109.225,0,0,0,0
10249,0,0,1.109,-156.364,108.739,0,0,0,0
10250,0,0,1.116,-157.254,108.253,0,0,0,0
10251,0,0,1.123,-158.145,107.767,0,0,0,0
10252,0,0,1.131,-159.035,107.281,0,0,0,0
10253,0,0,1.138,-159.926,106.795,0,0,0,0
10254,0,0,1.146,-160.816,106.309,0,0,0,0
10255,0,0,1.153,-161.707,105.823,0,0,0,0
10256,0,0,1.16,-162.597,105.337,0,0,0,0
10257,0,0,1.168,-163.488,104.851,0,0,0,0
10258,0,0,1.175,-164.378,104.365,0,0,0,0
10259,0,0,1.183,-165.269,103.879,0,0,0,0
10260,0,0,1.19,-166.159,103.393,0,0,0,0
10261,0,0,1.197,-167.05,102.907,0,0,0,0
10262,0,0,1.205,-167.94,102.421,0,0,0,0
10263,0,0,1.212,-168.831,101.935,0,0,0,0
10264,0,0,1.22,-169.721,101.449,0,0,0,0
10265,0,0,1.227,-170.612,100.963,0,0,0,0
10266,0,0,1.234,-171.502,100.477,0,0,0,0
10267,0,0,1.242,-172.393,99.991,0,0,0,0
10268,0,0,1.249,-173.283,99.505,0,0,0,0
10269,0,0,1.257,-174.174,99.019,0,0,0,0
10270,0,0,1.264,-175.064,98.533,0,0,0,0
10271,0,0,1.272,-175.955,98.047,0,0,0,0
10272,0,0,1.172,-177.018,97.361,0,0,0,0
10273,0,0,1.178,-178.037,96.657,0,0,0,0
10274,0,0,1.2,-178.998,95.936,0,0,0,0
10275,0,0,1.217,-179.866,95.129,0,0,0,0
10276,0,0,1.221,-180.664,94.253,0,0,0,0
10277,0,0,1.206,-181.255,93.327,0,0,0,0
10278,0,0,1.191,-181.697,92.344,0,0,0,0
10279,0,0,1.201,-182.007,91.348,0,0,0,0
10280,0,0,1.181,-182.129,90.296,0,0,0,0
10281,0,0,1.206,-182.079,89.064,0,0,0,0
10282,0,0,1.213,-181.847,87.876,0,0,0,0
10283,0,0,1.185,-181.548,86.902,0,0,0,0
10284,0,0,1.192,-181.208,85.93,0,0,0,0
10285,0,0,1.099,-180.756,85.008,0,0,0,0
10286,0,0,1.206,-180.266,84.056,0,0,0,0
10287,0,0,1.246,-179.728,83.113,0,0,0,0
10288,0,0,1.223,-179.194,82.186,0,0,0,0
10289,0,0,1.201,-178.661,81.259,0,0,0,0
10290,0,0,1.177,-178.114,80.361,0,0,0,0
10291,0,0,1.158,-177.586,79.499,0,0,0,0
10292,0,0,1.14,-177.058,78.637,0,0,0,0
10293,0,0,1.122,-176.531,77.776,0,0,0,0
10294,0,0,1.104,-176.003,76.914,0,0,0,0
10295,0,0,1.086,-175.475,76.053,0,0,0,0
10296,0,0,1.068,-174.948,75.191,0,0,0,0
10297,0,0,1.05,-174.42,74.33,0,0,0,0
10298,0,0,1.032,-173.892,73.468,0,0,0,0
10299,0,0,1.013,-173.365,72.607,0,0,0,0
10300,0,0,0.995,-172.837,71.745,0,0,0,0
10301,0,0,0.977,-172.309,70.884,0,0,0,0
10302,0,0,0.959,-171.782,70.022,0,0,0,0
10303,0,0,0.941,-171.254,69.161,0,0,0,0
10304,0,0,0.923,-170.726,68.299,0,0,0,0
10305,0,0,0.905,-170.199,67.438,0,0,0,0
10306,0,0,0.887,-169.671,66.576,0,0,0,0
10307,0,0,0.869,-169.144,65.715,0,0,0,0
10308,0,0,0.853,-168.519,64.796,0,0,0,0
10309,0,0,0.842,-167.869,63.87,0,0,0,0
10310,0,0,0.846,-167.212,62.983,0,0,0,0
10311,0,0,0.844,-166.546,62.171,0,0,0,0
10312,0,0,0.842,-165.845,61.371,0,0,0,0
10313,0,0,0.832,-165.117,60.605,0,0,0,0
10314,0,0,0.823,-164.372,59.931,0,0,0,0
10315,0,0,0.806,-163.587,59.3,0,0,0,0
10316,0,0,0.821,-162.505,58.569,0,0,0,0
10317,0,0,0.814,-161.631,58.082,0,0,0,0
10318,0,0,0.795,-160.443,57.577,0,0,0,0
10319,0,0,0.774,-159.244,57.268,0,0,0,0
10320,0,0,0.755,-158.047,57.106,0,0,0,0
10321,0,0,0.734,-156.874,57.121,0,0,0,0
10322,0,0,0.72,-155.878,57.271,0,0,0,0
10323,0,0,0.713,-154.656,57.521,0,0,0,0
10324,0,0,0.697,-153.686,57.724,0,0,0,0
10325,0,0,0.703,-152.459,58.153,0,0,0,0
10326,0,0,0.697,-151.283,58.588,0,0,0,0
10327,0,0,0.683,-150.175,59.095,0,0,0,0
10328,0,0,0.67,-149.024,59.639,0,0,0,0
10329,0,0,0.653,-147.877,60.241,0,0,0,0
10330,0,0,0.654,-146.719,60.862,0,0,0,0
10331,0,0,0.639,-145.799,61.347,0,0,0,0
10332,0,0,0.638,-144.916,61.843,0,0,0,0
10333,0,0,0.636,-143.968,62.358,0,0,0,0
10334,0,0,0.637,-143.072,62.87,0,0,0,0
10335,0,0,0.637,-142.144,63.396,0,0,0,0
10336,0,0,0.622,-141.226,63.89,0,0,0,0
10337,0,0,0.61,-140.299,64.376,0,0,0,0
10338,0,0,0.602,-139.378,64.849,0,0,0,0
10339,0,0,0.594,-138.481,65.343,0,0,0,0
10340,0,0,0.589,-137.574,65.815,0,0,0,0
10341,0,0,0.577,-136.684,66.303,0,0,0,0
10342,0,0,0.565,-135.786,66.791,0,0,0,0
10343,0,0,0.566,-134.92,67.283,0,0,0,0
10344,0,0,0.563,-134.048,67.762,0,0,0,0
10345,0,0,0.572,-133.133,68.264,0,0,0,0
10346,0,0,0.548,-132.015,68.856,0,0,0,0
10347,0,0,0.554,-130.906,69.419,0,0,0,0
10348,0,0,0.559,-129.75,69.975,0,0,0,0
10349,0,0,0.538,-128.577,70.485,0,0,0,0
10350,0,0,0.545,-127.373,70.911,0,0,0,0
10351,0,0,0.582,-126.123,71.244,0,0,0,0
10352,0,0,0.591,-124.861,71.488,0,0,0,0
10353,0,0,0.578,-123.57,71.624,0,0,0,0
10354,0,0,0.553,-122.564,71.633,0,0,0,0
10355,0,0,0.564,-121.24,71.582,0,0,0,0
10356,0,0,0.518,-119.927,71.395,0,0,0,0
10357,0,0,0.536,-118.93,71.177,0,0,0,0
10358,0,0,0.55,-117.914,70.841,0,0,0,0
10359,0,0,0.536,-116.948,70.426,0,0,0,0
10360,0,0,0.527,-116.016,69.925,0,0,0,0
10361,0,0,0.52,-115.111,69.351,0,0,0,0
10362,0,0,0.498,-114.208,68.681,0,0,0,0
10363,0,0,0.504,-113.39,67.914,0,0,0,0
10364,0,0,0.48,-112.601,67.098,0,0,0,0
10365,0,0,0.474,-111.856,66.221,0,0,0,0
10366,0,0,0.477,-111.126,65.298,0,0,0,0
10367,0,0,0.452,-110.432,64.358,0,0,0,0
10368,0,0,0.436,-109.75,63.39,0,0,0,0
10369,0,0,0.42,-109.072,62.326,0,0,0,0
10370,0,0,0.416,-108.564,61.451,0,0,0,0
10371,0,0,0.412,-108.053,60.559,0,0,0,0
10372,0,0,0.409,-107.542,59.668,0,0,0,0
10373,0,0,0.416,-106.966,58.714,0,0,0,0
10374,0,0,0.412,-106.456,57.824,0,0,0,0
10375,0,0,0.407,-105.95,56.938,0,0,0,0
10376,0,0,0.403,-105.444,56.052,0,0,0,0
10377,0,0,0.399,-104.939,55.166,0,0,0,0
10378,0,0,0.394,-104.433,54.28,0,0,0,0
10379,0,0,0.39,-103.927,53.394,0,0,0,0
10380,0,0,0.386,-103.422,52.508,0,0,0,0
10381,0,0,0.381,-102.916,51.622,0,0,0,0
10382,0,0,0.377,-102.41,50.736,0,0,0,0
10383,0,0,0.373,-101.905,49.85,0,0,0,0
10384,0,0,0.368,-101.399,48.964,0,0,0,0
10385,0,0,0.364,-100.893,48.078,0,0,0,0
10386,0,0,0.36,-100.388,47.193,0,0,0,0
10387,0,0,0.335,-99.734,45.925,0,0,0,0
10388,0,0,0.342,-99.283,45.04,0,0,0,0
10389,0,0,0.328,-98.598,43.779,0,0,0,0
10390,0,0,0.323,-98.115,42.86,0,0,0,0
10391,0,0,0.318,-97.632,41.942,0,0,0,0
10392,0,0,0.313,-97.149,41.024,0,0,0,0
10393,0,0,0.308,-96.667,40.106,0,0,0,0
10394,0,0,0.303,-96.184,39.188,0,0,0,0
10395,0,0,0.298,-95.701,38.269,0,0,0,0
10396,0,0,0.293,-95.219,37.351,0,0,0,0
10397,0,0,0.288,-94.736,36.433,0,0,0,0
10398,0,0,0.283,-94.253,35.515,0,0,0,0
10399,0,0,0.279,-93.771,34.597,0,0,0,0
10400,0,0,0.267,-93.316,33.683,0,0,0,0
10401,0,0,0.27,-92.85,32.776,0,0,0,0
10402,0,0,0.275,-92.388,31.865,0,0,0,0
10403,0,0,0.267,-91.951,30.964,0,0,0,0
10404,0,0,0.245,-91.5,30.048,0,0,0,0
10405,0,0,0.259,-91.024,29.115,0,0,0,0
10406,0,0,0.249,-90.585,28.224,0,0,0,0
10407,0,0,0.239,-90.147,27.308,0,0,0,0
10408,0,0,0.24,-89.664,26.38,0,0,0,0
10409,0,0,0.246,-89.252,25.449,0,0,0,0
10410,0,0,0.242,-88.803,24.508,0,0,0,0
10411,0,0,0.237,-88.365,23.55,0,0,0,0
10412,0,0,0.251,-87.937,22.619,0,0,0,0
10413,0,0,0.235,-87.502,21.662,0,0,0,0
10414,0,0,0.216,-87.093,20.718,0,0,0,0
10415,0,0,0.224,-86.688,19.752,0,0,0,0
10416,0,0,0.234,-86.269,18.785,0,0,0,0
10417,0,0,0.227,-85.857,17.805,0,0,0,0
10418,0,0,0.211,-85.414,16.835,0,0,0,0
10419,0,0,0.221,-85.004,15.864,0,0,0,0
10420,0,0,0.218,-84.622,14.896,0,0,0,0
10421,0,0,0.216,-84.195,13.884,0,0,0,0
10422,0,0,0.235,-83.828,12.867,0,0,0,0
10423,0,0,0.231,-83.417,11.879,0,0,0,0
10424,0,0,0.198,-83.027,10.854,0,0,0,0
10425,0,0,0.221,-82.647,9.847,0,0,0,0
10426,0,0,0.228,-82.23,8.855,0,0,0,0
10427,0,0,0.225,-81.833,7.814,0,0,0,0
10428,0,0,0.228,-81.464,6.804,0,0,0,0
10429,0,0,0.225,-81.06,5.764,0,0,0,0
10430,0,0,0.229,-80.664,4.723,0,0,0,0
10431,0,0,0.237,-80.289,3.699,0,0,0,0
10432,0,0,0.209,-79.938,2.609,0,0,0,0
10433,0,0,0.209,-79.555,1.598,0,0,0,0
10434,0,0,0.233,-79.168,0.549,0,0,0,0
10435,0,0,0.229,-78.775,-0.489,0,0,0,0
10436,0,0,0.236,-78.415,-1.555,0,0,0,0
10437,0,0,0.221,-78.053,-2.622,0,0,0,0
10438,0,0,0.246,-77.713,-3.7,0,0,0,0
10439,0,0,0.239,-77.378,-4.767,0,0,0,0
10440,0,0,0.222,-77.044,-5.851,0,0,0,0
10441,0,0,0.226,-76.73,-6.944,0,0,0,0
10442,0,0,0.241,-76.415,-8.048,0,0,0,0
10443,0,0,0.261,-76.098,-9.158,0,0,0,0
10444,0,0,0.256,-75.831,-10.257,0,0,0,0
10445,0,0,0.248,-75.562,-11.432,0,0,0,0
10446,0,0,0.239,-75.257,-12.516,0,0,0,0
10447,0,0,0.278,-75.029,-13.658,0,0,0,0
10448,0,0,0.296,-74.792,-14.757,0,0,0,0
10449,0,0,0.281,-74.552,-15.855,0,0,0,0
10450,0,0,0.288,-74.328,-16.94,0,0,0,0
10451,0,0,0.312,-74.133,-18.035,0,0,0,0
10452,0,0,0.298,-73.99,-19.084,0,0,0,0
10453,0,0,0.301,-73.812,-20.125,0,0,0,0
10454,0,0,0.326,-73.68,-21.195,0,0,0,0
10455,0,0,0.329,-73.544,-22.199,0,0,0,0
10456,0,0,0.323,-73.431,-23.238,0,0,0,0
10457,0,0,0.32,-73.326,-24.308,0,0,0,0
10458,0,0,0.309,-73.228,-25.342,0,0,0,0
10459,0,0,0.331,-73.129,-26.417,0,0,0,0
10460,0,0,0.34,-73.027,-27.485,0,0,0,0
10461,0,0,0.355,-72.923,-28.545,0,0,0,0
10462,0,0,0.365,-72.852,-29.616,0,0,0,0
10463,0,0,0.381,-72.784,-30.693,0,0,0,0
10464,0,0,0.386,-72.713,-31.778,0,0,0,0
10465,0,0,0.378,-72.626,-32.886,0,0,0,0
10466,0,0,0.392,-72.57,-33.955,0,0,0,0
10467,0,0,0.403,-72.507,-35.03,0,0,0,0
10468,0,0,0.428,-72.439,-36.072,0,0,0,0
10469,0,0,0.478,-72.384,-37.136,0,0,0,0
10470,0,0,0.326,-72.304,-38.23,0,0,0,0
10471,0,0,0.303,-72.225,-39.307,0,0,0,0
10472,0,0,0.389,-72.189,-40.378,0,0,0,0
10473,0,0,0.566,-72.131,-41.471,0,0,0,0
10474,0,0,0.557,-72.13,-42.53,0,0,0,0
10475,0,0,0.476,-72.066,-43.642,0,0,0,0
10476,0,0,0.481,-72.025,-44.758,0,0,0,0
10477,0,0,0.485,-71.987,-45.762,0,0,0,0
10478,0,0,0.489,-71.95,-46.767,0,0,0,0
10479,0,0,0.493,-71.913,-47.771,0,0,0,0
10480,0,0,0.497,-71.875,-48.776,0,0,0,0
10481,0,0,0.501,-71.838,-49.781,0,0,0,0
10482,0,0,0.505,-71.801,-50.785,0,0,0,0
10483,0,0,0.509,-71.763,-51.79,0,0,0,0
10484,0,0,0.513,-71.726,-52.794,0,0,0,0
10485,0,0,0.517,-71.689,-53.799,0,0,0,0
10486,0,0,0.521,-71.652,-54.804,0,0,0,0
10487,0,0,0.547,-71.577,-55.881,0,0,0,0
10488,0,0,0.525,-71.53,-56.998,0,0,0,0
10489,0,0,0.521,-71.448,-58.062,0,0,0,0
10490,0,0,0.522,-71.347,-59.067,0,0,0,0
10491,0,0,0.522,-71.245,-60.071,0,0,0,0
10492,0,0,0.522,-71.143,-61.076,0,0,0,0
10493,0,0,0.523,-71.041,-62.081,0,0,0,0
10494,0,0,0.523,-70.939,-63.086,0,0,0,0
10495,0,0,0.523,-70.838,-64.091,0,0,0,0
10496,0,0,0.524,-70.736,-65.096,0,0,0,0
10497,0,0,0.524,-70.634,-66.101,0,0,0,0
10498,0,0,0.525,-70.532,-67.106,0,0,0,0
10499,0,0,0.525,-70.43,-68.111,0,0,0,0
10500,0,0,0.525,-70.329,-69.116,0,0,0,0
10501,0,0,0.526,-70.227,-70.121,0,0,0,0
10502,0,0,0.526,-70.125,-71.126,0,0,0,0
10503,0,0,0.526,-70.023,-72.13,0,0,0,0
10504,0,0,0.527,-69.921,-73.135,0,0,0,0
10505,0,0,0.527,-69.82,-74.14,0,0,0,0
10506,0,0,0.528,-69.718,-75.145,0,0,0,0
10507,0,0,0.528,-69.616,-76.15,0,0,0,0
10508,0,0,0.528,-69.514,-77.155,0,0,0,0
10509,0,0,0.529,-69.412,-78.16,0,0,0,0
10510,0,0,0.529,-69.311,-79.165,0,0,0,0
10511,0,0,0.529,-69.209,-80.17,0,0,0,0
10512,0,0,0.53,-69.107,-81.175,0,0,0,0
10513,0,0,0.53,-69.005,-82.18,0,0,0,0
10514,0,0,0.531,-68.904,-83.185,0,0,0,0
10515,0,0,0.528,-68.833,-84.257,0,0,0,0
10516,0,0,0.542,-68.753,-85.386,0,0,0,0
10517,0,0,0.557,-68.676,-86.495,0,0,0,0
10518,0,0,0.522,-68.632,-87.606,0,0,0,0
10519,0,0,0.526,-68.632,-88.606,0,0,0,0
10520,0,0,0.53,-68.631,-89.606,0,0,0,0
10521,0,0,0.535,-68.63,-90.607,0,0,0,0
10522,0,0,0.539,-68.629,-91.608,0,0,0,0
10523,0,0,0.544,-68.628,-92.608,0,0,0,0
10524,0,0,0.549,-68.628,-93.609,0,0,0,0
10525,0,0,0.553,-68.627,-94.61,0,0,0,0
10526,0,0,0.558,-68.626,-95.61,0,0,0,0
10527,0,0,0.563,-68.625,-96.611,0,0,0,0
10528,0,0,0.567,-68.624,-97.612,0,0,0,0
10529,0,0,0.572,-68.624,-98.613,0,0,0,0
10530,0,0,0.577,-68.623,-99.613,0,0,0,0
10531,0,0,0.581,-68.622,-100.614,0,0,0,0
10532,0,0,0.586,-68.621,-101.615,0,0,0,0
10533,0,0,0.591,-68.621,-102.615,0,0,0,0
10534,0,0,0.595,-68.62,-103.616,0,0,0,0
10535,0,0,0.6,-68.619,-104.617,0,0,0,0
10536,0,0,0.605,-68.618,-105.617,0,0,0,0
10537,0,0,0.609,-68.617,-106.618,0,0,0,0
10538,0,0,0.614,-68.617,-107.619,0,0,0,0
10539,0,0,0.619,-68.616,-108.62,0,0,0,0
10540,0,0,0.623,-68.615,-109.62,0,0,0,0
10541,0,0,0.628,-68.614,-110.621,0,0,0,0
10542,0,0,0.633,-68.614,-111.622,0,0,0,0
10543,0,0,0.637,-68.613,-112.622,0,0,0,0
10544,0,0,0.642,-68.612,-113.623,0,0,0,0
10545,0,0,0.647,-68.611,-114.624,0,0,0,0
10546,0,0,0.651,-68.61,-115.624,0,0,0,0
10547,0,0,0.656,-68.61,-116.625,0,0,0,0
10548,0,0,0.661,-68.609,-117.626,0,0,0,0
10549,0,0,0.665,-68.608,-118.627,0,0,0,0
10550,0,0,0.67,-68.607,-119.627,0,0,0,0
10551,0,0,0.675,-68.606,-120.628,0,0,0,0
10552,0,0,0.679,-68.606,-121.629,0,0,0,0
10553,0,0,0.684,-68.605,-122.629,0,0,0,0
10554,0,0,0.689,-68.604,-123.63,0,0,0,0
10555,0,0,0.693,-68.603,-124.631,0,0,0,0
10556,0,0,0.698,-68.603,-125.631,0,0,0,0
10557,0,0,0.703,-68.602,-126.632,0,0,0,0
10558,0,0,0.707,-68.601,-127.633,0,0,0,0
10559,0,0,0.712,-68.6,-128.634,0,0,0,0
10560,0,0,0.717,-68.599,-129.634,0,0,0,0
10561,0,0,0.721,-68.599,-130.635,0,0,0,0
10562,0,0,0.726,-68.598,-131.636,0,0,0,0
10563,0,0,0.731,-68.597,-132.636,0,0,0,0
10564,0,0,0.735,-68.596,-133.637,0,0,0,0
10565,0,0,0.74,-68.596,-134.638,0,0,0,0
10566,0,0,0.745,-68.595,-135.638,0,0,0,0
10567,0,0,0.749,-68.594,-136.639,0,0,0,0
10568,0,0,0.754,-68.593,-137.64,0,0,0,0
10569,0,0,0.758,-68.592,-138.641,0,0,0,0
10570,0,0,0.763,-68.592,-139.641,0,0,0,0
10571,0,0,0.768,-68.591,-140.642,0,0,0,0
10572,0,0,0.772,-68.59,-141.643,0,0,0,0
10573,0,0,0.777,-68.589,-142.643,0,0,0,0
10574,0,0,0.782,-68.588,-143.644,0,0,0,0
10575,0,0,0.786,-68.588,-144.645,0,0,0,0
10576,0,0,0.791,-68.587,-145.645,0,0,0,0
10577,0,0,0.796,-68.586,-146.646,0,0,0,0
10578,0,0,0.8,-68.585,-147.647,0,0,0,0
10579,0,0,0.805,-68.585,-148.648,0,0,0,0
10580,0,0,0.81,-68.584,-149.648,0,0,0,0
10581,0,0,0.814,-68.583,-150.649,0,0,0,0
10582,0,0,0.819,-68.582,-151.65,0,0,0,0
10583,0,0,0.824,-68.581,-152.65,0,0,0,0
10584,0,0,0.828,-68.581,-153.651,0,0,0,0
10585,0,0,0.833,-68.58,-154.652,0,0,0,0
10586,0,0,0.838,-68.579,-155.652,0,0,0,0
10587,0,0,0.842,-68.578,-156.653,0,0,0,0
10588,0,0,0.847,-68.578,-157.654,0,0,0,0
10589,0,0,0.852,-68.577,-158.655,0,0,0,0
10590,0,0,0.856,-68.576,-159.655,0,0,0,0
10591,0,0,0.861,-68.575,-160.656,0,0,0,0
10592,0,0,0.866,-68.574,-161.657,0,0,0,0
10593,0,0,0.87,-68.574,-162.657,0,0,0,0
10594,0,0,0.875,-68.573,-163.658,0,0,0,0
10595,0,0,0.88,-68.572,-164.659,0,0,0,0
10596,0,0,0.884,-68.571,-165.659,0,0,0,0
10597,0,0,0.889,-68.57,-166.66,0,0,0,0
10598,0,0,0.894,-68.57,-167.661,0,0,0,0
10599,0,0,0.898,-68.569,-168.662,0,0,0,0
10600,0,0,0.903,-68.568,-169.662,0,0,0,0
10601,0,0,0.908,-68.567,-170.663,0,0,0,0
10602,0,0,0.912,-68.567,-171.664,0,0,0,0
10603,0,0,0.917,-68.566,-172.664,0,0,0,0
10604,0,0,0.922,-68.565,-173.665,0,0,0,0
10605,0,0,0.926,-68.564,-174.666,0,0,0,0
10606,0,0,0.931,-68.563,-175.666,0,0,0,0
10607,0,0,0.936,-68.563,-176.667,0,0,0,0
10608,0,0,0.94,-68.562,-177.668,0,0,0,0
10609,0,0,0.945,-68.561,-178.669,0,0,0,0
10610,0,0,0.95,-68.56,-179.669,0,0,0,0
10611,0,0,0.954,-68.56,-180.67,0,0,0,0
10612,0,0,0.959,-68.559,-181.671,0,0,0,0
10613,0,0,0.964,-68.558,-182.671,0,0,0,0
10614,0,0,0.968,-68.557,-183.672,0,0,0,0
10615,0,0,0.973,-68.556,-184.673,0,0,0,0
10616,0,0,0.978,-68.556,-185.673,0,0,0,0
10617,0,0,0.982,-68.555,-186.674,0,0,0,0
10618,0,0,0.987,-68.554,-187.675,0,0,0,0
10619,0,0,0.991,-68.553,-188.676,0,0,0,0
10620,0,0,0.996,-68.552,-189.676,0,0,0,0
10621,0,0,1.001,-68.552,-190.677,0,0,0,0
10622,0,0,1.005,-68.551,-191.678,0,0,0,0
10623,0,0,1.01,-68.55,-192.678,0,0,0,0
10624,0,0,1.015,-68.549,-193.679,0,0,0,0
10625,0,0,1.019,-68.549,-194.68,0,0,0,0
10626,0,0,1.024,-68.548,-195.68,0,0,0,0
10627,0,0,1.029,-68.547,-196.681,0,0,0,0
10628,0,0,1.033,-68.546,-197.682,0,0,0,0
10629,0,0,1.038,-68.545,-198.683,0,0,0,0
10630,0,0,1.043,-68.545,-199.683,0,0,0,0
10631,0,0,1.047,-68.544,-200.684,0,0,0,0
10632,0,0,1.052,-68.543,-201.685,0,0,0,0
10633,0,0,1.057,-68.542,-202.685,0,0,0,0
10634,0,0,1.061,-68.542,-203.686,0,0,0,0
10635,0,0,1.066,-68.541,-204.687,0,0,0,0
10636,0,0,1.071,-68.54,-205.687,0,0,0,0
10637,0,0,1.075,-68.539,-206.688,0,0,0,0
10638,0,0,1.08,-68.538,-207.689,0,0,0,0
10639,0,0,1.085,-68.538,-208.69,0,0,0,0
10640,0,0,1.089,-68.537,-209.69,0,0,0,0
10641,0,0,1.094,-68.536,-210.691,0,0,0,0
10642,0,0,1.099,-68.535,-211.692,0,0,0,0
10643,0,0,1.103,-68.534,-212.692,0,0,0,0
10644,0,0,1.108,-68.534,-213.693,0,0,0,0
10645,0,0,1.113,-68.533,-214.694,0,0,0,0
10646,0,0,1.117,-68.532,-215.694,0,0,0,0
10647,0,0,1.122,-68.531,-216.695,0,0,0,0
10648,0,0,1.127,-68.531,-217.696,0,0,0,0
10649,0,0,1.131,-68.53,-218.697,0,0,0,0
10650,0,0,1.136,-68.529,-219.697,0,0,0,0
10651,0,0,1.141,-68.528,-220.698,0,0,0,0
10652,0,0,1.145,-68.527,-221.699,0,0,0,0
10653,0,0,1.15,-68.527,-222.699,0,0,0,0
10654,0,0,1.155,-68.526,-223.7,0,0,0,0
10655,0,0,1.159,-68.525,-224.701,0,0,0,0
10656,0,0,1.164,-68.524,-225.701,0,0,0,0
10657,0,0,1.169,-68.524,-226.702,0,0,0,0
10658,0,0,1.173,-68.523,-227.703,0,0,0,0
10659,0,0,1.178,-68.522,-228.704,0,0,0,0
10660,0,0,1.183,-68.521,-229.704,0,0,0,0
10661,0,0,1.187,-68.52,-230.705,0,0,0,0
10662,0,0,1.192,-68.52,-231.706,0,0,0,0
10663,0,0,1.197,-68.519,-232.706,0,0,0,0
10664,0,0,1.201,-68.518,-233.707,0,0,0,0
10665,0,0,1.206,-68.517,-234.708,0,0,0,0
10666,0,0,1.211,-68.517,-235.709,0,0,0,0
10667,0,0,1.28,-69.0,-250.0,0,0,0,0
10668,0,0,1.29,-69.036,-251.007,0,0,0,0
10669,0,0,1.301,-69.072,-252.014,0,0,0,0
10670,0,0,1.312,-69.108,-253.022,0,0,0,0
10671,0,0,1.323,-69.144,-254.029,0,0,0,0
10672,0,0,1.334,-69.18,-255.036,0,0,0,0
10673,0,0,1.345,-69.216,-256.044,0,0,0,0
10674,0,0,1.356,-69.253,-257.051,0,0,0,0
10675,0,0,1.366,-69.289,-258.059,0,0,0,0
10676,0,0,1.377,-69.325,-259.066,0,0,0,0
10677,0,0,1.388,-69.361,-260.073,0,0,0,0
10678,0,0,1.399,-69.397,-261.081,0,0,0,0
10679,0,0,1.41,-69.433,-262.088,0,0,0,0
10680,0,0,1.421,-69.469,-263.095,0,0,0,0
10681,0,0,1.432,-69.506,-264.103,0,0,0,0
10682,0,0,1.442,-69.542,-265.11,0,0,0,0
10683,0,0,1.453,-69.578,-266.118,0,0,0,0
10684,0,0,1.464,-69.614,-267.125,0,0,0,0
10685,0,0,1.475,-69.65,-268.132,0,0,0,0
10686,0,0,1.486,-69.686,-269.14,0,0,0,0
10687,0,0,1.497,-69.722,-270.147,0,0,0,0
10688,0,0,1.508,-69.759,-271.155,0,0,0,0
10689,0,0,1.518,-69.795,-272.162,0,0,0,0
10690,0,0,1.529,-69.831,-273.169,0,0,0,0
10691,0,0,1.54,-69.867,-274.177,0,0,0,0
10692,0,0,1.551,-69.903,-275.184,0,0,0,0
10693,0,0,1.562,-69.939,-276.191,0,0,0,0
10694,0,0,1.573,-69.975,-277.199,0,0,0,0
10695,0,0,1.584,-70.012,-278.206,0,0,0,0
10696,0,0,1.594,-70.048,-279.214,0,0,0,0
10697,0,0,1.605,-70.084,-280.221,0,0,0,0
10698,0,0,1.616,-70.12,-281.228,0,0,0,0
10699,0,0,1.627,-70.156,-282.236,0,0,0,0
10700,0,0,1.638,-70.192,-283.243,0,0,0,0
10701,0,0,1.649,-70.228,-284.25,0,0,0,0
10702,0,0,1.66,-70.265,-285.258,0,0,0,0
10703,0,0,1.67,-70.301,-286.265,0,0,0,0
10704,0,0,1.681,-70.337,-287.273,0,0,0,0
10705,0,0,1.692,-70.373,-288.28,0,0,0,0
10706,0,0,1.703,-70.409,-289.287,0,0,0,0
10707,0,0,1.714,-70.445,-290.295,0,0,0,0
10708,0,0,1.725,-70.481,-291.302,0,0,0,0
10709,0,0,1.736,-70.518,-292.31,0,0,0,0
10710,0,0,1.746,-70.554,-293.317,0,0,0,0
10711,0,0,1.757,-70.59,-294.324,0,0,0,0
10712,0,0,1.768,-70.626,-295.332,0,0,0,0
10713,0,0,1.779,-70.662,-296.339,0,0,0,0
10714,0,0,1.79,-70.698,-297.346,0,0,0,0
10715,0,0,1.801,-70.734,-298.354,0,0,0,0
10716,0,0,1.812,-70.771,-299.361,0,0,0,0
10717,0,0,1.822,-70.807,-300.369,0,0,0,0
10718,0,0,1.833,-70.843,-301.376,0,0,0,0
10719,0,0,1.844,-70.879,-302.383,0,0,0,0
10720,0,0,1.855,-70.915,-303.391,0,0,0,0
10721,0,0,1.866,-70.951,-304.398,0,0,0,0
10722,0,0,1.877,-70.987,-305.405,0,0,0,0
10723,0,0,1.888,-71.024,-306.413,0,0,0,0
10724,0,0,1.898,-71.06,-307.42,0,0,0,0
10725,0,0,1.909,-71.096,-308.428,0,0,0,0
10726,0,0,1.92,-71.132,-309.435,0,0,0,0
10727,0,0,1.931,-71.168,-310.442,0,0,0,0
10728,0,0,1.942,-71.204,-311.45,0,0,0,0
10729,0,0,1.953,-71.24,-312.457,0,0,0,0
10730,0,0,1.964,-71.277,-313.465,0,0,0,0
10731,0,0,1.952,-71.354,-314.453,0,0,0,0
10732,0,0,2.031,-71.627,-317.487,0,0,0,0
10733,0,0,1.966,-71.786,-318.678,0,0,0,0
10734,0,0,2.052,-71.945,-320.168,0,0,0,0
10735,0,0,2.119,-72.503,-323.543,0,0,0,0
10736,0,0,2.117,-72.772,-324.882,0,0,0,0
10737,0,0,2.185,-73.524,-328.08,0,0,0,0
10738,0,0,2.236,-74.202,-330.496,0,0,0,0
10739,0,0,2.243,-74.542,-331.592,0,0,0,0
10740,0,0,2.259,-74.872,-332.678,0,0,0,0
10741,0,0,2.352,-76.434,-336.701,0,0,0,0
10742,0,0,2.404,-77.239,-338.497,0,0,0,0
10743,0,0,2.422,-77.862,-339.785,0,0,0,0
10744,0,0,2.505,-80.24,-344.253,0,0,0,0
10745,0,0,2.579,-81.952,-347.25,0,0,0,0
10746,0,0,2.575,-82.638,-348.362,0,0,0,0
10747,0,0,2.653,-84.708,-351.592,0,0,0,0
10748,0,0,2.685,-86.153,-353.686,0,0,0,0
10749,0,0,2.762,-89.736,-358.245,0,0,0,0
10750,0,0,2.809,-92.313,-361.161,0,0,0,0
10751,0,0,2.839,-94.167,-363.069,0,0,0,0
10752,0,0,2.929,-97.644,-366.428,0,0,0,0
10753,0,0,2.983,-100.285,-368.713,0,0,0,0
10754,0,0,3.036,-103.85,-371.501,0,0,0,0
10755,0,0,3.123,-107.996,-374.463,0,0,0,0
10756,0,0,3.179,-110.718,-376.183,0,0,0,0
10757,0,0,3.242,-115.167,-378.687,0,0,0,0
10758,0,0,3.295,-118.127,-380.108,0,0,0,0
10759,0,0,3.307,-119.067,-380.47,0,0,0,0
10760,0,0,3.319,-120.007,-380.832,0,0,0,0
10761,0,0,3.331,-120.948,-381.195,0,0,0,0
10762,0,0,3.343,-121.889,-381.558,0,0,0,0
10763,0,0,3.356,-122.829,-381.921,0,0,0,0
10764,0,0,3.368,-123.77,-382.283,0,0,0,0
10765,0,0,3.38,-124.711,-382.646,0,0,0,0
10766,0,0,3.392,-125.652,-383.009,0,0,0,0
10767,0,0,3.405,-126.592,-383.372,0,0,0,0
10768,0,0,3.417,-127.533,-383.735,0,0,0,0
10769,0,0,3.429,-128.474,-384.097,0,0,0,0
10770,0,0,3.442,-129.414,-384.46,0,0,0,0
10771,0,0,3.454,-130.355,-384.823,0,0,0,0
10772,0,0,3.466,-131.296,-385.186,0,0,0,0
10773,0,0,3.478,-132.237,-385.548,0,0,0,0
10774,0,0,3.491,-133.177,-385.911,0,0,0,0
10775,0,0,3.503,-134.118,-386.274,0,0,0,0
10776,0,0,3.515,-135.059,-386.637,0,0,0,0
10777,0,0,3.528,-136.0,-387.0,0,0,0,0
10778,0,0,3.575,-140.0,-389.0,0,0,0,0
10779,0,0,3.644,-144.0,-391.0,0,0,0,0
10780,0,0,3.741,-148.0,-394.0,0,0,0,0
10781,0,0,3.813,-153.0,-398.0,0,0,0,0
10782,0,0,3.903,-156.0,-401.0,0,0,0,0
10783,0,0,3.978,-159.0,-405.0,0,0,0,0
10784,0,0,4.108,-162.0,-409.0,0,0,0,0
10785,0,0,4.205,-166.0,-417.0,0,0,0,0
10786,0,0,4.243,-168.0,-422.0,0,0,0,0
10787,0,0,4.296,-169.0,-425.0,0,0,0,0
10788,0,0,4.382,-170.0,-430.0,0,0,0,0
10789,0,0,4.513,-171.0,-439.0,0,0,0,0
10790,0,0,4.618,-171.0,-447.0,0,0,0,0
10791,0,0,4.618,-171.001,-448.015,0,0,0,0
10792,0,0,4.619,-171.003,-449.031,0,0,0,0
10793,0,0,4.62,-171.005,-450.047,0,0,0,0
10794,0,0,4.621,-171.006,-451.063,0,0,0,0
10795,0,0,4.622,-171.008,-452.079,0,0,0,0
10796,0,0,4.623,-171.01,-453.095,0,0,0,0
10797,0,0,4.624,-171.012,-454.111,0,0,0,0
10798,0,0,4.624,-171.013,-455.126,0,0,0,0
10799,0,0,4.625,-171.015,-456.142,0,0,0,0
10800,0,0,4.626,-171.017,-457.158,0,0,0,0
10801,0,0,4.627,-171.018,-458.174,0,0,0,0
10802,0,0,4.628,-171.02,-459.19,0,0,0,0
10803,0,0,4.629,-171.022,-460.206,0,0,0,0
10804,0,0,4.63,-171.024,-461.222,0,0,0,0
10805,0,0,4.642,-171.001,-462.415,0,0,0,0
10806,0,0,4.669,-171.003,-463.61,0,0,0,0
10807,0,0,4.672,-171.0,-464.816,0,0,0,0
10808,0,0,4.718,-170.991,-466.025,0,0,0,0
10809,0,0,4.722,-170.999,-467.227,0,0,0,0
10810,0,0,4.742,-170.991,-468.418,0,0,0,0
10811,0,0,4.761,-170.95,-469.659,0,0,0,0
10812,0,0,4.792,-170.935,-470.901,0,0,0,0
10813,0,0,4.794,-170.93,-472.117,0,0,0,0
10814,0,0,4.807,-170.937,-473.394,0,0,0,0
10815,0,0,4.834,-170.913,-474.643,0,0,0,0
10816,0,0,4.851,-170.908,-475.896,0,0,0,0
10817,0,0,4.873,-170.898,-477.114,0,0,0,0
10818,0,0,4.893,-170.889,-478.299,0,0,0,0
10819,0,0,4.917,-170.891,-479.558,0,0,0,0
10820,0,0,4.942,-170.878,-480.832,0,0,0,0
10821,0,0,4.958,-170.85,-482.05,0,0,0,0
10822,0,0,4.976,-170.881,-483.289,0,0,0,0
10823,0,0,4.999,-170.852,-484.504,0,0,0,0
10824,0,0,5.032,-170.825,-485.692,0,0,0,0
10825,0,0,5.05,-170.841,-486.942,0,0,0,0
10826,0,0,5.085,-170.844,-488.077,0,0,0,0
10827,0,0,5.107,-170.824,-489.324,0,0,0,0
10828,0,0,5.099,-170.78,-490.544,0,0,0,0
10829,0,0,5.142,-170.787,-491.753,0,0,0,0
10830,0,0,5.161,-170.773,-492.929,0,0,0,0
10831,0,0,5.18,-170.722,-494.116,0,0,0,0
10832,0,0,5.214,-170.705,-495.321,0,0,0,0
10833,0,0,5.234,-170.692,-496.518,0,0,0,0
10834,0,0,5.247,-170.713,-497.722,0,0,0,0
10835,0,0,5.285,-170.684,-498.9,0,0,0,0
10836,0,0,5.3,-170.679,-500.031,0,0,0,0
10837,0,0,5.334,-170.64,-501.117,0,0,0,0
10838,0,0,5.358,-170.639,-502.212,0,0,0,0
10839,0,0,5.384,-170.628,-503.347,0,0,0,0
10840,0,0,5.374,-170.588,-504.413,0,0,0,0
10841,0,0,5.402,-170.586,-505.43,0,0,0,0
10842,0,0,5.457,-170.571,-506.896,0,0,0,0
10843,0,0,5.519,-170.456,-508.286,0,0,0,0
10844,0,0,5.473,-170.282,-509.63,0,0,0,0
10845,0,0,5.51,-170.101,-510.914,0,0,0,0
10846,0,0,5.549,-169.832,-512.054,0,0,0,0
10847,0,0,5.563,-169.515,-513.167,0,0,0,0
10848,0,0,5.61,-169.149,-514.192,0,0,0,0
10849,0,0,5.646,-168.737,-515.104,0,0,0,0
10850,0,0,5.667,-168.162,-516.178,0,0,0,0
10851,0,0,5.672,-167.579,-517.179,0,0,0,0
10852,0,0,5.672,-167.016,-518.039,0,0,0,0
10853,0,0,5.682,-166.359,-518.792,0,0,0,0
10854,0,0,5.69,-165.562,-519.714,0,0,0,0
10855,0,0,5.694,-164.753,-520.58,0,0,0,0
10856,0,0,5.702,-163.963,-521.419,0,0,0,0
10857,0,0,5.714,-163.316,-522.169,0,0,0,0
10858,0,0,5.726,-162.598,-522.874,0,0,0,0
10859,0,0,5.732,-161.858,-523.606,0,0,0,0
10860,0,0,5.745,-161.083,-524.441,0,0,0,0
10861,0,0,5.752,-160.282,-525.352,0,0,0,0
10862,0,0,5.762,-159.423,-526.174,0,0,0,0
10863,0,0,5.764,-158.601,-527.035,0,0,0,0
10864,0,0,5.772,-157.794,-527.862,0,0,0,0
10865,0,0,5.775,-156.98,-528.718,0,0,0,0
10866,0,0,5.792,-156.174,-529.51,0,0,0,0
10867,0,0,5.783,-155.394,-530.274,0,0,0,0
10868,0,0,5.795,-154.593,-530.858,0,0,0,0
10869,0,0,5.814,-153.646,-531.602,0,0,0,0
10870,0,0,5.798,-152.672,-532.234,0,0,0,0
10871,0,0,5.812,-151.658,-532.777,0,0,0,0
10872,0,0,5.8,-150.583,-533.179,0,0,0,0
10873,0,0,5.785,-149.465,-533.524,0,0,0,0
10874,0,0,5.771,-148.438,-533.74,0,0,0,0
10875,0,0,5.767,-147.343,-534.0,0,0,0,0
10876,0,0,5.76,-146.221,-534.181,0,0,0,0
10877,0,0,5.759,-145.065,-534.381,0,0,0,0
10878,0,0,5.754,-144.06,-534.47,0,0,0,0
10879,0,0,5.749,-143.055,-534.56,0,0,0,0
10880,0,0,5.744,-142.051,-534.65,0,0,0,0
10881,0,0,5.74,-141.046,-534.74,0,0,0,0
10882,0,0,5.735,-140.042,-534.829,0,0,0,0
10883,0,0,5.712,-139.009,-534.926,0,0,0,0
10884,0,0,5.701,-137.91,-535.009,0,0,0,0
10885,0,0,5.7,-136.835,-535.115,0,0,0,0
10886,0,0,5.682,-135.725,-535.193,0,0,0,0
10887,0,0,5.667,-134.626,-535.259,0,0,0,0
10888,0,0,5.666,-133.504,-535.343,0,0,0,0
10889,0,0,5.64,-132.352,-535.481,0,0,0,0
10890,0,0,5.631,-131.249,-535.52,0,0,0,0
10891,0,0,5.62,-130.08,-535.587,0,0,0,0
10892,0,0,5.603,-128.955,-535.63,0,0,0,0
10893,0,0,5.586,-127.731,-535.74,0,0,0,0
10894,0,0,5.594,-126.561,-535.799,0,0,0,0
10895,0,0,5.584,-125.269,-535.903,0,0,0,0
10896,0,0,5.552,-123.978,-535.955,0,0,0,0
10897,0,0,5.543,-122.733,-536.023,0,0,0,0
10898,0,0,5.511,-121.438,-536.121,0,0,0,0
10899,0,0,5.519,-120.159,-536.191,0,0,0,0
10900,0,0,5.523,-118.811,-536.289,0,0,0,0
10901,0,0,5.49,-117.475,-536.367,0,0,0,0
10902,0,0,5.473,-116.051,-536.422,0,0,0,0
10903,0,0,5.478,-114.791,-536.541,0,0,0,0
10904,0,0,5.458,-113.479,-536.621,0,0,0,0
10905,0,0,5.452,-112.129,-536.706,0,0,0,0
10906,0,0,5.421,-110.807,-536.839,0,0,0,0
10907,0,0,5.428,-109.466,-536.846,0,0,0,0
10908,0,0,5.441,-108.101,-536.967,0,0,0,0
10909,0,0,5.416,-106.782,-537.022,0,0,0,0
10910,0,0,5.369,-105.401,-537.165,0,0,0,0
10911,0,0,5.375,-103.987,-537.219,0,0,0,0
10912,0,0,5.39,-102.522,-537.35,0,0,0,0
10913,0,0,5.358,-101.147,-537.441,0,0,0,0
10914,0,0,5.423,-99.729,-537.54,0,0,0,0
10915,0,0,5.325,-98.382,-537.558,0,0,0,0
10916,0,0,5.327,-96.954,-537.628,0,0,0,0
10917,0,0,5.279,-95.626,-537.685,0,0,0,0
10918,0,0,5.257,-94.263,-537.722,0,0,0,0
10919,0,0,5.244,-92.875,-537.81,0,0,0,0
10920,0,0,5.234,-91.46,-537.88,0,0,0,0
10921,0,0,5.251,-90.048,-537.915,0,0,0,0
10922,0,0,5.227,-88.582,-537.958,0,0,0,0
10923,0,0,5.258,-87.152,-538.069,0,0,0,0
10924,0,0,5.191,-85.714,-538.145,0,0,0,0
10925,0,0,5.167,-84.235,-538.174,0,0,0,0
10926,0,0,5.155,-83.16,-538.194,0,0,0,0
10927,0,0,5.144,-82.085,-538.215,0,0,0,0
10928,0,0,5.132,-81.01,-538.236,0,0,0,0
10929,0,0,5.121,-79.935,-538.257,0,0,0,0
10930,0,0,5.109,-78.86,-538.278,0,0,0,0
10931,0,0,5.098,-77.785,-538.299,0,0,0,0
10932,0,0,5.086,-76.71,-538.32,0,0,0,0
10933,0,0,5.075,-75.635,-538.341,0,0,0,0
10934,0,0,5.092,-74.632,-538.314,0,0,0,0
10935,0,0,5.045,-73.622,-538.34,0,0,0,0
10936,0,0,5.056,-72.555,-538.35,0,0,0,0
10937,0,0,5.045,-71.507,-538.336,0,0,0,0
10938,0,0,4.982,-70.467,-538.27,0,0,0,0
10939,0,0,5.004,-69.475,-538.209,0,0,0,0
10940,0,0,4.938,-67.989,-538.126,0,0,0,0
10941,0,0,4.946,-66.85,-538.055,0,0,0,0
10942,0,0,4.941,-65.78,-537.967,0,0,0,0
10943,0,0,4.918,-64.666,-537.913,0,0,0,0
10944,0,0,4.929,-63.602,-537.786,0,0,0,0
10945,0,0,4.913,-62.517,-537.652,0,0,0,0
10946,0,0,4.904,-61.531,-537.498,0,0,0,0
10947,0,0,4.891,-60.425,-537.263,0,0,0,0
10948,0,0,4.878,-59.32,-537.028,0,0,0,0
10949,0,0,4.865,-58.215,-536.794,0,0,0,0
10950,0,0,4.852,-57.11,-536.559,0,0,0,0
10951,0,0,4.84,-56.005,-536.325,0,0,0,0
10952,0,0,4.834,-54.999,-536.052,0,0,0,0
10953,0,0,4.83,-53.996,-535.709,0,0,0,0
10954,0,0,4.806,-53.007,-535.357,0,0,0,0
10955,0,0,4.788,-51.994,-535.047,0,0,0,0
10956,0,0,4.839,-50.981,-534.701,0,0,0,0
10957,0,0,4.86,-49.947,-534.342,0,0,0,0
10958,0,0,4.832,-48.962,-533.896,0,0,0,0
10959,0,0,4.823,-47.968,-533.463,0,0,0,0
10960,0,0,4.854,-46.961,-533.016,0,0,0,0
10961,0,0,4.839,-46.002,-532.556,0,0,0,0
10962,0,0,4.846,-45.088,-532.034,0,0,0,0
10963,0,0,4.841,-44.221,-531.507,0,0,0,0
10964,0,0,4.837,-43.291,-530.972,0,0,0,0
10965,0,0,4.855,-42.356,-530.444,0,0,0,0
10966,0,0,4.835,-41.456,-529.86,0,0,0,0
10967,0,0,4.82,-40.569,-529.25,0,0,0,0
10968,0,0,4.821,-39.702,-528.61,0,0,0,0
10969,0,0,4.78,-38.824,-527.971,0,0,0,0
10970,0,0,4.781,-37.999,-527.312,0,0,0,0
10971,0,0,4.762,-37.126,-526.628,0,0,0,0
10972,0,0,4.759,-36.241,-525.942,0,0,0,0
10973,0,0,4.746,-35.44,-525.239,0,0,0,0
10974,0,0,4.724,-34.632,-524.478,0,0,0,0
10975,0,0,4.717,-33.797,-523.732,0,0,0,0
10976,0,0,4.685,-32.975,-522.945,0,0,0,0
10977,0,0,4.687,-32.194,-522.131,0,0,0,0
10978,0,0,4.676,-31.436,-521.315,0,0,0,0
10979,0,0,4.644,-30.691,-520.498,0,0,0,0
10980,0,0,4.632,-29.945,-519.65,0,0,0,0
10981,0,0,4.604,-29.257,-518.828,0,0,0,0
10982,0,0,4.586,-28.553,-518.006,0,0,0,0
10983,0,0,4.558,-27.869,-517.142,0,0,0,0
10984,0,0,4.556,-27.214,-516.301,0,0,0,0
10985,0,0,4.522,-26.59,-515.416,0,0,0,0
10986,0,0,4.506,-25.942,-514.546,0,0,0,0
10987,0,0,4.505,-25.31,-513.618,0,0,0,0
10988,0,0,4.46,-24.676,-512.681,0,0,0,0
10989,0,0,4.446,-24.102,-511.749,0,0,0,0
10990,0,0,4.434,-23.506,-510.788,0,0,0,0
10991,0,0,4.412,-22.937,-509.871,0,0,0,0
10992,0,0,4.4,-22.395,-508.936,0,0,0,0
10993,0,0,4.384,-21.833,-507.959,0,0,0,0
10994,0,0,4.369,-21.329,-506.993,0,0,0,0
10995,0,0,4.345,-20.822,-505.978,0,0,0,0
10996,0,0,4.325,-20.303,-504.938,0,0,0,0
10997,0,0,4.299,-19.821,-503.934,0,0,0,0
10998,0,0,4.307,-19.365,-502.933,0,0,0,0
10999,0,0,4.272,-18.904,-501.885,0,0,0,0
11000,0,0,4.26,-18.48,-500.872,0,0,0,0
11001,0,0,4.228,-18.073,-499.86,0,0,0,0
11002,0,0,4.204,-17.684,-498.842,0,0,0,0
11003,0,0,4.187,-17.259,-497.824,0,0,0,0
11004,0,0,4.161,-16.908,-496.778,0,0,0,0
11005,0,0,4.152,-16.522,-495.718,0,0,0,0
11006,0,0,4.117,-16.18,-494.667,0,0,0,0
11007,0,0,4.093,-15.842,-493.603,0,0,0,0
11008,0,0,4.075,-15.523,-492.508,0,0,0,0
11009,0,0,4.041,-15.193,-491.421,0,0,0,0
11010,0,0,4.032,-14.889,-490.32,0,0,0,0
11011,0,0,4.008,-14.595,-489.247,0,0,0,0
11012,0,0,3.975,-14.323,-488.134,0,0,0,0
11013,0,0,3.955,-14.068,-487.061,0,0,0,0
11014,0,0,3.947,-13.801,-485.987,0,0,0,0
11015,0,0,3.926,-13.549,-484.918,0,0,0,0
11016,0,0,3.903,-13.315,-483.832,0,0,0,0
11017,0,0,3.873,-13.106,-482.695,0,0,0,0
11018,0,0,3.84,-12.904,-481.619,0,0,0,0
11019,0,0,3.832,-12.685,-480.559,0,0,0,0
11020,0,0,3.82,-12.496,-479.459,0,0,0,0
11021,0,0,3.8,-12.364,-478.386,0,0,0,0
11022,0,0,3.779,-12.232,-477.312,0,0,0,0
11023,0,0,3.758,-12.101,-476.238,0,0,0,0
11024,0,0,3.738,-11.969,-475.164,0,0,0,0
11025,0,0,3.717,-11.838,-474.091,0,0,0,0
11026,0,0,3.697,-11.706,-473.017,0,0,0,0
11027,0,0,3.676,-11.575,-471.943,0,0,0,0
11028,0,0,3.656,-11.443,-470.869,0,0,0,0
11029,0,0,3.635,-11.312,-469.796,0,0,0,0
11030,0,0,3.615,-11.18,-468.722,0,0,0,0
11031,0,0,3.594,-11.049,-467.648,0,0,0,0
11032,0,0,3.574,-10.918,-466.575,0,0,0,0
11033,0,0,3.586,-10.897,-465.56,0,0,0,0
11034,0,0,3.595,-10.859,-464.537,0,0,0,0
11035,0,0,3.557,-10.785,-463.068,0,0,0,0
11036,0,0,3.549,-10.763,-461.632,0,0,0,0
11037,0,0,3.509,-10.718,-460.249,0,0,0,0
11038,0,0,3.481,-10.68,-458.907,0,0,0,0
11039,0,0,3.464,-10.666,-457.604,0,0,0,0
11040,0,0,3.446,-10.639,-456.279,0,0,0,0
11041,0,0,3.416,-10.615,-454.994,0,0,0,0
11042,0,0,3.405,-10.61,-453.735,0,0,0,0
11043,0,0,3.389,-10.608,-451.738,0,0,0,0
11044,0,0,3.378,-10.628,-450.585,0,0,0,0
11045,0,0,3.367,-10.647,-449.432,0,0,0,0
11046,0,0,3.357,-10.667,-448.28,0,0,0,0
11047,0,0,3.396,-10.688,-447.101,0,0,0,0
11048,0,0,3.393,-10.696,-446.011,0,0,0,0
11049,0,0,3.305,-10.744,-444.98,0,0,0,0
11050,0,0,3.303,-10.775,-443.836,0,0,0,0
11051,0,0,3.322,-10.835,-442.72,0,0,0,0
11052,0,0,3.284,-10.856,-441.691,0,0,0,0
11053,0,0,3.289,-10.811,-440.621,0,0,0,0
11054,0,0,3.247,-10.782,-439.555,0,0,0,0
11055,0,0,3.233,-10.65,-438.555,0,0,0,0
11056,0,0,3.226,-10.502,-437.542,0,0,0,0
11057,0,0,3.221,-10.289,-436.527,0,0,0,0
11058,0,0,3.199,-9.939,-435.539,0,0,0,0
11059,0,0,3.191,-9.471,-434.625,0,0,0,0
11060,0,0,3.175,-7.758,-433.565,0,0,0,0
11061,0,0,3.167,-6.701,-433.315,0,0,0,0
11062,0,0,3.161,-4.794,-432.523,0,0,0,0
11063,0,0,3.168,-3.939,-431.905,0,0,0,0
11064,0,0,3.156,-3.139,-431.231,0,0,0,0
11065,0,0,3.149,-2.392,-430.389,0,0,0,0
11066,0,0,3.158,-1.806,-429.54,0,0,0,0
11067,0,0,3.155,-1.281,-428.553,0,0,0,0
11068,0,0,3.156,-0.845,-427.507,0,0,0,0
11069,0,0,3.141,-0.53,-426.42,0,0,0,0
11070,0,0,3.124,-0.33,-425.333,0,0,0,0
11071,0,0,3.116,-0.219,-424.245,0,0,0,0
11072,0,0,3.101,-0.15,-423.242,0,0,0,0
11073,0,0,3.083,-0.077,-422.158,0,0,0,0
11074,0,0,3.055,-0.022,-420.975,0,0,0,0
11075,0,0,3.033,-0.005,-419.724,0,0,0,0
11076,0,0,3.016,0.002,-418.678,0,0,0,0
11077,0,0,3.009,0.001,-417.676,0,0,0,0
11078,0,0,3.002,0.0,-416.674,0,0,0,0
11079,0,0,2.996,-0.001,-415.673,0,0,0,0
11080,0,0,2.99,-0.002,-414.672,0,0,0,0
11081,0,0,2.984,-0.003,-413.671,0,0,0,0
11082,0,0,2.978,-0.004,-412.67,0,0,0,0
11083,0,0,2.972,-0.005,-411.669,0,0,0,0
11084,0,0,2.965,-0.007,-410.668,0,0,0,0
11085,0,0,2.959,-0.008,-409.666,0,0,0,0
11086,0,0,2.953,-0.009,-408.665,0,0,0,0
11087,0,0,2.947,-0.01,-407.664,0,0,0,0
11088,0,0,2.941,-0.011,-406.663,0,0,0,0
11089,0,0,2.935,-0.012,-405.662,0,0,0,0
11090,0,0,2.928,-0.014,-404.661,0,0,0,0
11091,0,0,2.922,-0.015,-403.66,0,0,0,0
11092,0,0,2.916,-0.016,-402.659,0,0,0,0
11093,0,0,2.91,-0.017,-401.657,0,0,0,0
11094,0,0,2.904,-0.018,-400.656,0,0,0,0
11095,0,0,2.898,-0.019,-399.655,0,0,0,0
11096,0,0,2.891,-0.021,-398.654,0,0,0,0
11097,0,0,2.885,-0.022,-397.653,0,0,0,0
11098,0,0,2.879,-0.023,-396.652,0,0,0,0
11099,0,0,2.873,-0.024,-395.651,0,0,0,0
11100,0,0,2.867,-0.025,-394.65,0,0,0,0
11101,0,0,2.861,-0.026,-393.648,0,0,0,0
11102,0,0,2.855,-0.027,-392.647,0,0,0,0
11103,0,0,2.848,-0.029,-391.646,0,0,0,0
11104,0,0,2.842,-0.03,-390.645,0,0,0,0
11105,0,0,2.836,-0.031,-389.644,0,0,0,0
11106,0,0,2.83,-0.032,-388.643,0,0,0,0
11107,0,0,2.824,-0.033,-387.642,0,0,0,0
11108,0,0,2.818,-0.034,-386.641,0,0,0,0
11109,0,0,2.811,-0.036,-385.639,0,0,0,0
11110,0,0,2.805,-0.037,-384.638,0,0,0,0
11111,0,0,2.799,-0.038,-383.637,0,0,0,0
11112,0,0,2.793,-0.039,-382.636,0,0,0,0
11113,0,0,2.787,-0.04,-381.635,0,0,0,0
11114,0,0,2.781,-0.041,-380.634,0,0,0,0
11115,0,0,2.774,-0.043,-379.633,0,0,0,0
11116,0,0,2.768,-0.044,-378.632,0,0,0,0
11117,0,0,2.762,-0.045,-377.63,0,0,0,0
11118,0,0,2.756,-0.046,-376.629,0,0,0,0
11119,0,0,2.75,-0.047,-375.628,0,0,0,0
11120,0,0,2.744,-0.048,-374.627,0,0,0,0
11121,0,0,2.738,-0.049,-373.626,0,0,0,0
11122,0,0,2.731,-0.051,-372.625,0,0,0,0
11123,0,0,2.725,-0.052,-371.624,0,0,0,0
11124,0,0,2.719,-0.053,-370.623,0,0,0,0
11125,0,0,2.713,-0.054,-369.621,0,0,0,0
11126,0,0,2.707,-0.055,-368.62,0,0,0,0
11127,0,0,2.701,-0.056,-367.619,0,0,0,0
11128,0,0,2.694,-0.058,-366.618,0,0,0,0
11129,0,0,2.688,-0.059,-365.617,0,0,0,0
11130,0,0,2.682,-0.06,-364.616,0,0,0,0
11131,0,0,2.676,-0.061,-363.615,0,0,0,0
11132,0,0,2.67,-0.062,-362.614,0,0,0,0
11133,0,0,2.664,-0.063,-361.612,0,0,0,0
11134,0,0,2.657,-0.065,-360.611,0,0,0,0
11135,0,0,2.651,-0.066,-359.61,0,0,0,0
11136,0,0,2.645,-0.067,-358.609,0,0,0,0
11137,0,0,2.639,-0.068,-357.608,0,0,0,0
11138,0,0,2.633,-0.069,-356.607,0,0,0,0
11139,0,0,2.627,-0.07,-355.606,0,0,0,0
11140,0,0,2.621,-0.072,-354.605,0,0,0,0
11141,0,0,2.601,-0.068,-353.603,0,0,0,0
11142,0,0,2.582,-0.064,-352.598,0,0,0,0
11143,0,0,2.563,-0.06,-351.594,0,0,0,0
11144,0,0,2.545,-0.056,-350.59,0,0,0,0
11145,0,0,2.526,-0.053,-349.586,0,0,0,0
11146,0,0,2.507,-0.049,-348.582,0,0,0,0
11147,0,0,2.489,-0.045,-347.577,0,0,0,0
11148,0,0,2.47,-0.042,-346.573,0,0,0,0
11149,0,0,2.452,-0.038,-345.569,0,0,0,0
11150,0,0,2.433,-0.034,-344.565,0,0,0,0
11151,0,0,2.414,-0.031,-343.561,0,0,0,0
11152,0,0,2.396,-0.027,-342.557,0,0,0,0
11153,0,0,2.377,-0.023,-341.552,0,0,0,0
11154,0,0,2.358,-0.02,-340.548,0,0,0,0
11155,0,0,2.34,-0.016,-339.544,0,0,0,0
11156,0,0,2.321,-0.012,-338.54,0,0,0,0
11157,0,0,2.303,-0.009,-337.536,0,0,0,0
11158,0,0,2.284,-0.005,-336.532,0,0,0,0
11159,0,0,2.265,-0.001,-335.527,0,0,0,0
11160,0,0,2.247,0.001,-334.523,0,0,0,0
11161,0,0,2.228,0.005,-333.519,0,0,0,0
11162,0,0,2.209,0.009,-332.515,0,0,0,0
11163,0,0,2.191,0.012,-331.511,0,0,0,0
11164,0,0,2.172,0.016,-330.507,0,0,0,0
11165,0,0,2.154,0.02,-329.502,0,0,0,0
11166,0,0,2.135,0.023,-328.498,0,0,0,0
11167,0,0,2.116,0.027,-327.494,0,0,0,0
11168,0,0,2.098,0.031,-326.49,0,0,0,0
11169,0,0,2.079,0.034,-325.486,0,0,0,0
11170,0,0,2.061,0.038,-324.482,0,0,0,0
11171,0,0,2.042,0.042,-323.477,0,0,0,0
11172,0,0,2.023,0.045,-322.473,0,0,0,0
11173,0,0,2.005,0.049,-321.469,0,0,0,0
11174,0,0,1.986,0.053,-320.465,0,0,0,0
11175,0,0,1.967,0.056,-319.461,0,0,0,0
11176,0,0,1.949,0.06,-318.456,0,0,0,0
11177,0,0,1.93,0.064,-317.452,0,0,0,0
11178,0,0,1.912,0.067,-316.448,0,0,0,0
11179,0,0,1.893,0.071,-315.444,0,0,0,0
11180,0,0,1.874,0.075,-314.44,0,0,0,0
11181,0,0,1.856,0.078,-313.436,0,0,0,0
11182,0,0,1.837,0.082,-312.431,0,0,0,0
11183,0,0,1.818,0.086,-311.427,0,0,0,0
11184,0,0,1.8,0.089,-310.423,0,0,0,0
11185,0,0,1.781,0.093,-309.419,0,0,0,0
11186,0,0,1.763,0.097,-308.415,0,0,0,0
11187,0,0,1.744,0.1,-307.411,0,0,0,0
11188,0,0,1.725,0.104,-306.406,0,0,0,0
11189,0,0,1.707,0.108,-305.402,0,0,0,0
11190,0,0,1.688,0.111,-304.398,0,0,0,0
11191,0,0,1.669,0.115,-303.394,0,0,0,0
11192,0,0,1.651,0.119,-302.39,0,0,0,0
11193,0,0,1.632,0.122,-301.386,0,0,0,0
11194,0,0,1.614,0.126,-300.381,0,0,0,0
11195,0,0,1.595,0.13,-299.377,0,0,0,0
11196,0,0,1.576,0.133,-298.373,0,0,0,0
11197,0,0,1.558,0.137,-297.369,0,0,0,0
11198,0,0,1.539,0.141,-296.365,0,0,0,0
11199,0,0,1.521,0.145,-295.361,0,0,0,0
11200,0,0,1.49,0.134,-294.259,0,0,0,0
11201,0,0,1.413,0.128,-293.162,0,0,0,0
11202,0,0,1.434,0.113,-291.99,0,0,0,0
11203,0,0,1.451,0.13,-290.849,0,0,0,0
11204,0,0,1.446,0.128,-289.681,0,0,0,0
11205,0,0,1.566,0.157,-288.553,0,0,0,0
11206,0,0,1.558,0.135,-287.391,0,0,0,0
11207,0,0,1.442,0.12,-286.206,0,0,0,0
11208,0,0,1.422,0.125,-285.033,0,0,0,0
11209,0,0,1.397,0.135,-283.872,0,0,0,0
11210,0,0,1.408,0.139,-282.737,0,0,0,0
11211,0,0,1.372,0.138,-281.543,0,0,0,0
11212,0,0,1.376,0.125,-280.384,0,0,0,0
11213,0,0,1.365,0.1,-279.204,0,0,0,0
11214,0,0,1.363,0.102,-278.043,0,0,0,0
11215,0,0,1.347,0.123,-276.86,0,0,0,0
11216,0,0,1.435,0.11,-275.702,0,0,0,0
11217,0,0,1.321,0.118,-274.542,0,0,0,0
11218,0,0,1.309,0.125,-273.356,0,0,0,0
11219,0,0,1.324,0.13,-272.204,0,0,0,0
11220,0,0,1.294,0.131,-271.028,0,0,0,0
11221,0,0,1.272,0.128,-269.86,0,0,0,0
11222,0,0,1.27,0.134,-268.688,0,0,0,0
11223,0,0,1.28,0.108,-267.527,0,0,0,0
11224,0,0,1.267,0.099,-266.304,0,0,0,0
11225,0,0,1.226,0.113,-265.144,0,0,0,0
11226,0,0,1.195,0.108,-264.003,0,0,0,0
11227,0,0,1.353,0.095,-262.822,0,0,0,0
11228,0,0,1.293,0.118,-261.649,0,0,0,0
11229,0,0,1.269,0.111,-260.486,0,0,0,0
11230,0,0,1.116,0.094,-259.303,0,0,0,0
11231,0,0,1.121,0.104,-258.13,0,0,0,0
11232,0,0,1.145,0.115,-256.898,0,0,0,0
11233,0,0,1.152,0.104,-255.724,0,0,0,0
11234,0,0,1.123,0.118,-254.527,0,0,0,0
11235,0,0,1.117,0.108,-253.388,0,0,0,0
11236,0,0,1.132,0.113,-252.179,0,0,0,0
11237,0,0,1.153,0.116,-250.992,0,0,0,0
11238,0,0,1.122,0.13,-249.807,0,0,0,0
11239,0,0,1.106,0.114,-248.606,0,0,0,0
11240,0,0,1.122,0.125,-247.419,0,0,0,0
11241,0,0,1.098,0.12,-246.219,0,0,0,0
11242,0,0,1.09,0.11,-245.027,0,0,0,0
11243,0,0,1.071,0.111,-243.863,0,0,0,0
11244,0,0,1.048,0.131,-242.639,0,0,0,0
11245,0,0,1.051,0.134,-241.472,0,0,0,0
11246,0,0,1.053,0.131,-240.316,0,0,0,0
11247,0,0,1.045,0.134,-239.126,0,0,0,0
11248,0,0,1.048,0.119,-237.972,0,0,0,0
11249,0,0,1.047,0.124,-236.79,0,0,0,0
11250,0,0,1.028,0.123,-235.621,0,0,0,0
11251,0,0,1.014,0.127,-234.457,0,0,0,0
11252,0,0,1.018,0.133,-233.281,0,0,0,0
11253,0,0,1.006,0.133,-232.099,0,0,0,0
11254,0,0,1.004,0.138,-230.89,0,0,0,0
11255,0,0,0.996,0.151,-229.719,0,0,0,0
11256,0,0,0.997,0.141,-228.528,0,0,0,0
11257,0,0,0.973,0.143,-227.314,0,0,0,0
11258,0,0,0.958,0.141,-226.075,0,0,0,0
11259,0,0,0.949,0.138,-224.846,0,0,0,0
11260,0,0,0.94,0.139,-223.607,0,0,0,0
11261,0,0,0.93,0.144,-222.36,0,0,0,0
11262,0,0,0.919,0.136,-221.12,0,0,0,0
11263,0,0,0.917,0.134,-219.846,0,0,0,0
11264,0,0,0.907,0.136,-218.571,0,0,0,0
11265,0,0,0.894,0.14,-217.354,0,0,0,0
11266,0,0,0.887,0.143,-216.081,0,0,0,0
11267,0,0,0.875,0.14,-214.818,0,0,0,0
11268,0,0,0.865,0.131,-213.564,0,0,0,0
11269,0,0,0.848,0.134,-212.315,0,0,0,0
11270,0,0,0.837,0.142,-211.071,0,0,0,0
11271,0,0,0.84,0.134,-209.803,0,0,0,0
11272,0,0,0.839,0.13,-208.501,0,0,0,0
11273,0,0,0.844,0.148,-207.212,0,0,0,0
11274,0,0,0.853,0.144,-205.95,0,0,0,0
11275,0,0,0.799,0.145,-204.699,0,0,0,0
11276,0,0,0.742,0.162,-203.425,0,0,0,0
11277,0,0,0.733,0.152,-202.167,0,0,0,0
11278,0,0,0.77,0.15,-200.897,0,0,0,0
11279,0,0,0.792,0.153,-199.627,0,0,0,0
11280,0,0,0.793,0.152,-198.323,0,0,0,0
11281,0,0,0.785,0.159,-197.039,0,0,0,0
11282,0,0,0.747,0.148,-195.782,0,0,0,0
11283,0,0,0.715,0.14,-194.544,0,0,0,0
11284,0,0,0.729,0.138,-193.279,0,0,0,0
11285,0,0,0.727,0.132,-192.008,0,0,0,0
11286,0,0,0.731,0.136,-190.733,0,0,0,0
11287,0,0,0.741,0.126,-189.487,0,0,0,0
11288,0,0,0.735,0.12,-188.144,0,0,0,0
11289,0,0,0.702,0.121,-186.901,0,0,0,0
11290,0,0,0.696,0.105,-185.612,0,0,0,0
11291,0,0,0.698,0.124,-184.309,0,0,0,0
11292,0,0,0.696,0.122,-182.989,0,0,0,0
11293,0,0,0.687,0.113,-181.676,0,0,0,0
11294,0,0,0.657,0.131,-180.373,0,0,0,0
11295,0,0,0.658,0.126,-179.049,0,0,0,0
11296,0,0,0.651,0.134,-177.72,0,0,0,0
11297,0,0,0.645,0.142,-176.634,0,0,0,0
11298,0,0,0.639,0.151,-175.549,0,0,0,0
11299,0,0,0.633,0.16,-174.463,0,0,0,0
11300,0,0,0.627,0.169,-173.378,0,0,0,0
11301,0,0,0.622,0.178,-172.292,0,0,0,0
11302,0,0,0.616,0.186,-171.207,0,0,0,0
11303,0,0,0.61,0.195,-170.121,0,0,0,0
11304,0,0,0.604,0.204,-169.036,0,0,0,0
11305,0,0,0.598,0.213,-167.95,0,0,0,0
11306,0,0,0.593,0.222,-166.865,0,0,0,0
11307,0,0,0.589,0.208,-165.482,0,0,0,0
11308,0,0,0.589,0.23,-164.107,0,0,0,0
11309,0,0,0.58,0.233,-163.098,0,0,0,0
11310,0,0,0.571,0.236,-162.089,0,0,0,0
11311,0,0,0.562,0.239,-161.08,0,0,0,0
11312,0,0,0.552,0.243,-160.071,0,0,0,0
11313,0,0,0.544,0.246,-159.062,0,0,0,0
11314,0,0,0.535,0.249,-158.054,0,0,0,0
11315,0,0,0.526,0.252,-157.045,0,0,0,0
11316,0,0,0.517,0.256,-156.036,0,0,0,0
11317,0,0,0.508,0.259,-155.027,0,0,0,0
11318,0,0,0.499,0.262,-154.018,0,0,0,0
11319,0,0,0.49,0.266,-153.01,0,0,0,0
11320,0,0,0.482,0.262,-151.649,0,0,0,0
11321,0,0,0.468,0.27,-150.252,0,0,0,0
11322,0,0,0.434,0.267,-148.865,0,0,0,0
11323,0,0,0.44,0.269,-147.51,0,0,0,0
11324,0,0,0.446,0.275,-146.18,0,0,0,0
11325,0,0,0.45,0.276,-144.853,0,0,0,0
11326,0,0,0.448,0.276,-143.566,0,0,0,0
11327,0,0,0.441,0.264,-142.187,0,0,0,0
11328,0,0,0.431,0.269,-140.911,0,0,0,0
11329,0,0,0.412,0.268,-139.507,0,0,0,0
11330,0,0,0.393,0.271,-138.196,0,0,0,0
11331,0,0,0.387,0.261,-136.857,0,0,0,0
11332,0,0,0.414,0.264,-135.535,0,0,0,0
11333,0,0,0.408,0.261,-134.198,0,0,0,0
11334,0,0,0.385,0.263,-132.863,0,0,0,0
11335,0,0,0.373,0.265,-131.538,0,0,0,0
11336,0,0,0.384,0.265,-130.264,0,0,0,0
11337,0,0,0.391,0.265,-128.971,0,0,0,0
11338,0,0,0.387,0.244,-127.659,0,0,0,0
11339,0,0,0.371,0.253,-126.339,0,0,0,0
11340,0,0,0.362,0.252,-125.067,0,0,0,0
11341,0,0,0.368,0.26,-123.75,0,0,0,0
11342,0,0,0.364,0.247,-122.427,0,0,0,0
11343,0,0,0.344,0.254,-121.091,0,0,0,0
11344,0,0,0.343,0.251,-119.773,0,0,0,0
11345,0,0,0.345,0.253,-118.434,0,0,0,0
11346,0,0,0.338,0.263,-117.122,0,0,0,0
11347,0,0,0.321,0.261,-115.759,0,0,0,0
11348,0,0,0.303,0.272,-114.408,0,0,0,0
11349,0,0,0.296,0.28,-113.326,0,0,0,0
11350,0,0,0.29,0.288,-112.245,0,0,0,0
11351,0,0,0.283,0.296,-111.164,0,0,0,0
11352,0,0,0.276,0.304,-110.083,0,0,0,0
11353,0,0,0.27,0.312,-109.002,0,0,0,0
11354,0,0,0.264,0.32,-107.921,0,0,0,0
11355,0,0,0.257,0.328,-106.84,0,0,0,0
11356,0,0,0.251,0.335,-105.759,0,0,0,0
11357,0,0,0.244,0.344,-104.678,0,0,0,0
11358,0,0,0.238,0.352,-103.597,0,0,0,0
11359,0,0,0.248,0.342,-102.232,0,0,0,0
11360,0,0,0.293,0.341,-100.889,0,0,0,0
11361,0,0,0.264,0.355,-99.555,0,0,0,0
11362,0,0,0.269,0.361,-98.226,0,0,0,0
11363,0,0,0.242,0.356,-96.833,0,0,0,0
11364,0,0,0.224,0.378,-95.512,0,0,0,0
11365,0,0,0.215,0.365,-94.145,0,0,0,0
11366,0,0,0.191,0.372,-92.793,0,0,0,0
11367,0,0,0.18,0.379,-91.44,0,0,0,0
11368,0,0,0.193,0.38,-90.076,0,0,0,0
11369,0,0,0.2,0.374,-88.713,0,0,0,0
11370,0,0,0.191,0.366,-87.621,0,0,0,0
11371,0,0,0.182,0.358,-86.529,0,0,0,0
11372,0,0,0.174,0.35,-85.438,0,0,0,0
11373,0,0,0.165,0.343,-84.346,0,0,0,0
11374,0,0,0.157,0.335,-83.255,0,0,0,0
11375,0,0,0.148,0.327,-82.163,0,0,0,0
11376,0,0,0.139,0.32,-81.071,0,0,0,0
11377,0,0,0.131,0.312,-79.98,0,0,0,0
11378,0,0,0.122,0.304,-78.888,0,0,0,0
11379,0,0,0.114,0.297,-77.797,0,0,0,0
11380,0,0,0.126,0.298,-76.45,0,0,0,0
11381,0,0,0.094,0.29,-75.08,0,0,0,0
11382,0,0,0.103,0.278,-73.714,0,0,0,0
11383,0,0,0.112,0.285,-72.35,0,0,0,0
11384,0,0,0.108,0.277,-70.984,0,0,0,0
11385,0,0,0.101,0.278,-69.589,0,0,0,0
11386,0,0,0.086,0.281,-68.211,0,0,0,0
11387,0,0,0.083,0.271,-66.788,0,0,0,0
11388,0,0,0.08,0.27,-65.436,0,0,0,0
11389,0,0,0.069,0.252,-64.093,0,0,0,0
11390,0,0,0.079,0.254,-62.729,0,0,0,0
11391,0,0,0.095,0.245,-61.359,0,0,0,0
11392,0,0,0.081,0.237,-59.995,0,0,0,0
11393,0,0,0.076,0.244,-58.609,0,0,0,0
11394,0,0,0.066,0.25,-57.262,0,0,0,0
11395,0,0,0.015,0.245,-55.882,0,0,0,0
11396,0,0,0.028,0.258,-54.512,0,0,0,0
11397,0,0,0.096,0.241,-53.183,0,0,0,0
11398,0,0,0.106,0.245,-51.856,0,0,0,0
11399,0,0,0.068,0.242,-50.485,0,0,0,0
11400,0,0,0.03,0.242,-49.113,0,0,0,0
11401,0,0,0.035,0.225,-47.734,0,0,0,0
11402,0,0,0.051,0.235,-46.359,0,0,0,0
11403,0,0,0.076,0.235,-45.016,0,0,0,0
11404,0,0,0.061,0.218,-43.618,0,0,0,0
11405,0,0,0.036,0.215,-42.268,0,0,0,0
11406,0,0,0.013,0.213,-40.904,0,0,0,0
11407,0,0,0.025,0.202,-39.526,0,0,0,0
11408,0,0,0.059,0.203,-38.182,0,0,0,0
11409,0,0,0.017,0.195,-36.808,0,0,0,0
11410,0,0,0.011,0.196,-35.487,0,0,0,0
11411,0,0,0.045,0.198,-34.134,0,0,0,0
11412,0,0,0.056,0.17,-32.752,0,0,0,0
11413,0,0,0.029,0.176,-31.419,0,0,0,0
11414,0,0,0.011,0.168,-30.033,0,0,0,0
11415,0,0,0.018,0.159,-28.671,0,0,0,0
11416,0,0,0.044,0.166,-27.317,0,0,0,0
11417,0,0,0.0,0.164,-25.959,0,0,0,0
11418,0,0,-0.014,0.17,-24.575,0,0,0,0
11419,0,0,-0.033,0.177,-23.214,0,0,0,0
11420,0,0,-0.04,0.18,-21.85,0,0,0,0
11421,0,0,-0.04,0.19,-20.501,0,0,0,0
11422,0,0,-0.034,0.183,-19.092,0,0,0,0
11423,0,0,-0.01,0.191,-17.7,0,0,0,0
11424,0,0,-0.002,0.188,-16.325,0,0,0,0
11425,0,0,-0.028,0.186,-14.933,0,0,0,0
11426,0,0,-0.039,0.201,-13.523,0,0,0,0
11427,0,0,-0.033,0.186,-12.122,0,0,0,0
11428,0,0,-0.024,0.189,-10.728,0,0,0,0
11429,0,0,-0.02,0.178,-9.34,0,0,0,0
11430,0,0,-0.032,0.199,-7.948,0,0,0,0
11431,0,0,-0.036,0.197,-6.576,0,0,0,0
11432,0,0,-0.018,0.201,-5.186,0,0,0,0
11433,0,0,-0.048,0.183,-3.83,0,0,0,0
11434,0,0,-0.045,0.205,-2.462,0,0,0,0
11435,0,0,-0.049,0.206,-1.127,0,0,0,0
11436,0,0,-0.049,0.196,0.265,0,0,0,0
11437,0,0,-0.038,0.204,1.583,0,0,0,0
11438,0,0,-0.015,0.196,2.918,0,0,0,0
11439,0,0,-0.04,0.21,4.275,0,0,0,0
11440,0,0,-0.039,0.213,5.599,0,0,0,0
11441,0,0,-0.066,0.192,6.893,0,0,0,0
11442,0,0,-0.093,0.214,8.233,0,0,0,0
11443,0,0,-0.066,0.205,9.559,0,0,0,0
11444,0,0,-0.1,0.206,10.847,0,0,0,0
11445,0,0,-0.113,0.192,12.148,0,0,0,0
11446,0,0,-0.079,0.178,13.496,0,0,0,0
11447,0,0,-0.135,0.175,14.739,0,0,0,0
11448,0,0,-0.116,0.169,16.036,0,0,0,0
11449,0,0,-0.079,0.159,17.385,0,0,0,0
11450,0,0,-0.09,0.162,18.706,0,0,0,0
11451,0,0,-0.085,0.147,19.981,0,0,0,0
11452,0,0,-0.081,0.122,21.344,0,0,0,0
11453,0,0,-0.095,0.133,22.676,0,0,0,0
11454,0,0,-0.1,0.116,23.987,0,0,0,0
11455,0,0,-0.101,0.1,25.021,0,0,0,0
11456,0,0,-0.102,0.084,26.056,0,0,0,0
11457,0,0,-0.103,0.068,27.091,0,0,0,0
11458,0,0,-0.104,0.052,28.126,0,0,0,0
11459,0,0,-0.105,0.036,29.161,0,0,0,0
11460,0,0,-0.106,0.02,30.196,0,0,0,0
11461,0,0,-0.107,0.004,31.23,0,0,0,0
11462,0,0,-0.108,-0.011,32.265,0,0,0,0
11463,0,0,-0.109,-0.027,33.3,0,0,0,0
11464,0,0,-0.11,-0.043,34.335,0,0,0,0
11465,0,0,-0.111,-0.059,35.37,0,0,0,0
11466,0,0,-0.112,-0.075,36.405,0,0,0,0
11467,0,0,-0.113,-0.091,37.44,0,0,0,0
11468,0,0,-0.115,-0.107,38.474,0,0,0,0
11469,0,0,-0.116,-0.123,39.509,0,0,0,0
11470,0,0,-0.117,-0.139,40.544,0,0,0,0
11471,0,0,-0.118,-0.155,41.579,0,0,0,0
11472,0,0,-0.119,-0.171,42.614,0,0,0,0
11473,0,0,-0.12,-0.187,43.649,0,0,0,0
11474,0,0,-0.121,-0.203,44.684,0,0,0,0
11475,0,0,-0.122,-0.219,45.718,0,0,0,0
11476,0,0,-0.123,-0.235,46.753,0,0,0,0
11477,0,0,-0.124,-0.251,47.788,0,0,0,0
11478,0,0,-0.125,-0.267,48.823,0,0,0,0
11479,0,0,-0.126,-0.283,49.858,0,0,0,0
11480,0,0,-0.127,-0.299,50.893,0,0,0,0
11481,0,0,-0.129,-0.315,51.928,0,0,0,0
11482,0,0,-0.128,-0.315,53.247,0,0,0,0
11483,0,0,-0.105,-0.328,54.306,0,0,0,0
11484,0,0,-0.102,-0.341,55.364,0,0,0,0
11485,0,0,-0.098,-0.354,56.423,0,0,0,0
11486,0,0,-0.096,-0.367,57.482,0,0,0,0
11487,0,0,-0.093,-0.38,58.54,0,0,0,0
11488,0,0,-0.09,-0.393,59.599,0,0,0,0
11489,0,0,-0.087,-0.406,60.658,0,0,0,0
11490,0,0,-0.083,-0.419,61.716,0,0,0,0
11491,0,0,-0.081,-0.432,62.775,0,0,0,0
11492,0,0,-0.078,-0.445,63.834,0,0,0,0
11493,0,0,-0.069,-0.443,65.129,0,0,0,0
11494,0,0,-0.062,-0.464,66.44,0,0,0,0
11495,0,0,-0.074,-0.455,67.747,0,0,0,0
11496,0,0,-0.076,-0.464,69.063,0,0,0,0
11497,0,0,-0.074,-0.471,70.094,0,0,0,0
11498,0,0,-0.073,-0.478,71.126,0,0,0,0
11499,0,0,-0.072,-0.486,72.157,0,0,0,0
11500,0,0,-0.071,-0.493,73.189,0,0,0,0
11501,0,0,-0.07,-0.5,74.22,0,0,0,0
11502,0,0,-0.069,-0.508,75.252,0,0,0,0
11503,0,0,-0.068,-0.515,76.283,0,0,0,0
11504,0,0,-0.067,-0.522,77.315,0,0,0,0
11505,0,0,-0.066,-0.53,78.346,0,0,0,0
11506,0,0,-0.065,-0.537,79.378,0,0,0,0
11507,0,0,-0.063,-0.544,80.41,0,0,0,0
11508,0,0,-0.062,-0.552,81.441,0,0,0,0
11509,0,0,-0.061,-0.559,82.473,0,0,0,0
11510,0,0,-0.06,-0.566,83.504,0,0,0,0
11511,0,0,-0.059,-0.574,84.536,0,0,0,0
11512,0,0,-0.058,-0.581,85.567,0,0,0,0
11513,0,0,-0.057,-0.588,86.599,0,0,0,0
11514,0,0,-0.056,-0.596,87.63,0,0,0,0
11515,0,0,-0.055,-0.603,88.662,0,0,0,0
11516,0,0,-0.054,-0.611,89.694,0,0,0,0
11517,0,0,-0.041,-0.579,90.947,0,0,0,0
11518,0,0,-0.037,-0.59,92.228,0,0,0,0
11519,0,0,-0.036,-0.577,93.479,0,0,0,0
11520,0,0,-0.052,-0.577,94.752,0,0,0,0
11521,0,0,-0.055,-0.595,96.014,0,0,0,0
11522,0,0,-0.034,-0.598,97.26,0,0,0,0
11523,0,0,-0.026,-0.606,98.513,0,0,0,0
11524,0,0,-0.018,-0.575,99.774,0,0,0,0
11525,0,0,-0.017,-0.572,101.002,0,0,0,0
11526,0,0,0.005,-0.587,102.231,0,0,0,0
11527,0,0,-0.014,-0.585,103.451,0,0,0,0
11528,0,0,-0.027,-0.587,104.686,0,0,0,0
11529,0,0,-0.02,-0.576,105.916,0,0,0,0
11530,0,0,-0.008,-0.59,107.118,0,0,0,0
11531,0,0,-0.009,-0.583,108.375,0,0,0,0
11532,0,0,0.004,-0.573,109.586,0,0,0,0
11533,0,0,0.009,-0.595,110.807,0,0,0,0
11534,0,0,0.023,-0.59,112.011,0,0,0,0
11535,0,0,0.0,-0.593,113.222,0,0,0,0
11536,0,0,0.005,-0.601,114.451,0,0,0,0
11537,0,0,-0.018,-0.612,115.65,0,0,0,0
11538,0,0,-0.027,-0.602,116.846,0,0,0,0
11539,0,0,-0.007,-0.615,118.054,0,0,0,0
11540,0,0,-0.011,-0.621,119.267,0,0,0,0
11541,0,0,-0.002,-0.621,120.444,0,0,0,0
11542,0,0,0.01,-0.616,121.649,0,0,0,0
11543,0,0,0.014,-0.634,122.817,0,0,0,0
11544,0,0,0.034,-0.643,124.019,0,0,0,0
11545,0,0,0.025,-0.649,125.209,0,0,0,0
11546,0,0,0.042,-0.646,126.418,0,0,0,0
11547,0,0,0.039,-0.658,127.598,0,0,0,0
11548,0,0,0.024,-0.677,128.792,0,0,0,0
11549,0,0,0.039,-0.657,129.989,0,0,0,0
11550,0,0,0.037,-0.674,131.162,0,0,0,0
11551,0,0,0.048,-0.67,132.358,0,0,0,0
11552,0,0,0.071,-0.658,133.547,0,0,0,0
11553,0,0,0.112,-0.653,134.682,0,0,0,0
11554,0,0,0.133,-0.633,135.876,0,0,0,0
11555,0,0,0.047,-0.658,137.044,0,0,0,0
11556,0,0,0.045,-0.642,138.173,0,0,0,0
11557,0,0,0.043,-0.649,139.343,0,0,0,0
11558,0,0,0.053,-0.631,140.498,0,0,0,0
11559,0,0,0.052,-0.623,141.627,0,0,0,0
11560,0,0,0.055,-0.624,142.758,0,0,0,0
11561,0,0,0.048,-0.634,143.867,0,0,0,0
11562,0,0,0.047,-0.626,144.999,0,0,0,0
11563,0,0,0.056,-0.623,146.114,0,0,0,0
11564,0,0,0.045,-0.627,147.22,0,0,0,0
11565,0,0,0.057,-0.614,148.321,0,0,0,0
11566,0,0,0.067,-0.622,149.435,0,0,0,0
11567,0,0,0.076,-0.616,150.532,0,0,0,0
11568,0,0,0.069,-0.613,151.63,0,0,0,0
11569,0,0,0.089,-0.624,152.681,0,0,0,0
11570,0,0,0.102,-0.607,153.758,0,0,0,0
11571,0,0,0.098,-0.608,154.875,0,0,0,0
11572,0,0,0.1,-0.622,156.001,0,0,0,0
11573,0,0,0.104,-0.595,157.099,0,0,0,0
11574,0,0,0.122,-0.585,158.187,0,0,0,0
11575,0,0,0.11,-0.6,159.328,0,0,0,0
11576,0,0,0.118,-0.59,160.444,0,0,0,0
11577,0,0,0.121,-0.583,161.577,0,0,0,0
11578,0,0,0.156,-0.566,162.709,0,0,0,0
11579,0,0,0.173,-0.565,163.855,0,0,0,0
11580,0,0,0.196,-0.559,164.995,0,0,0,0
11581,0,0,0.144,-0.546,166.147,0,0,0,0
11582,0,0,0.152,-0.571,167.289,0,0,0,0
11583,0,0,0.131,-0.551,168.427,0,0,0,0
11584,0,0,0.145,-0.538,169.988,0,0,0,0
11585,0,0,0.142,-0.538,171.167,0,0,0,0
11586,0,0,0.138,-0.533,172.311,0,0,0,0
11587,0,0,0.134,-0.555,173.465,0,0,0,0
11588,0,0,0.127,-0.544,174.673,0,0,0,0
11589,0,0,0.128,-0.528,175.832,0,0,0,0
11590,0,0,0.109,-0.531,177.022,0,0,0,0
11591,0,0,0.117,-0.523,178.199,0,0,0,0
11592,0,0,0.123,-0.509,179.357,0,0,0,0
11593,0,0,0.117,-0.528,180.545,0,0,0,0
11594,0,0,0.073,-0.512,181.77,0,0,0,0
11595,0,0,0.086,-0.52,182.963,0,0,0,0
11596,0,0,0.099,-0.491,184.2,0,0,0,0
11597,0,0,0.051,-0.506,185.407,0,0,0,0
11598,0,0,0.05,-0.492,186.623,0,0,0,0
11599,0,0,0.027,-0.481,187.88,0,0,0,0
11600,0,0,0.001,-0.487,189.102,0,0,0,0
11601,0,0,0.017,-0.481,190.319,0,0,0,0
11602,0,0,0.009,-0.491,191.553,0,0,0,0
11603,0,0,0.04,-0.485,192.788,0,0,0,0
11604,0,0,0.053,-0.506,193.998,0,0,0,0
11605,0,0,-0.005,-0.507,195.227,0,0,0,0
11606,0,0,0.044,-0.525,196.455,0,0,0,0
11607,0,0,0.075,-0.514,197.654,0,0,0,0
11608,0,0,0.075,-0.541,198.876,0,0,0,0
11609,0,0,0.092,-0.537,200.087,0,0,0,0
11610,0,0,0.086,-0.589,201.325,0,0,0,0
11611,0,0,0.075,-0.615,202.56,0,0,0,0
11612,0,0,0.103,-0.652,203.743,0,0,0,0
11613,0,0,0.117,-0.695,204.993,0,0,0,0
11614,0,0,0.123,-0.727,206.224,0,0,0,0
11615,0,0,0.117,-0.781,207.419,0,0,0,0
11616,0,0,0.101,-0.837,208.694,0,0,0,0
11617,0,0,0.107,-0.919,209.901,0,0,0,0
11618,0,0,0.112,-1.003,210.906,0,0,0,0
11619,0,0,0.118,-1.088,211.911,0,0,0,0
11620,0,0,0.123,-1.172,212.916,0,0,0,0
11621,0,0,0.129,-1.257,213.922,0,0,0,0
11622,0,0,0.135,-1.341,214.927,0,0,0,0
11623,0,0,0.14,-1.426,215.932,0,0,0,0
11624,0,0,0.146,-1.51,216.937,0,0,0,0
11625,0,0,0.152,-1.595,217.943,0,0,0,0
11626,0,0,0.157,-1.679,218.948,0,0,0,0
11627,0,0,0.163,-1.764,219.953,0,0,0,0
11628,0,0,0.169,-1.849,220.959,0,0,0,0
11629,0,0,0.183,-2.013,222.193,0,0,0,0
11630,0,0,0.194,-2.179,223.381,0,0,0,0
11631,0,0,0.204,-2.364,224.638,0,0,0,0
11632,0,0,0.227,-2.566,225.838,0,0,0,0
11633,0,0,0.212,-2.796,227.052,0,0,0,0
11634,0,0,0.244,-3.03,228.221,0,0,0,0
11635,0,0,0.26,-3.269,229.423,0,0,0,0
11636,0,0,0.253,-3.523,230.597,0,0,0,0
11637,0,0,0.237,-3.778,231.765,0,0,0,0
11638,0,0,0.251,-4.07,232.905,0,0,0,0
11639,0,0,0.269,-4.363,234.096,0,0,0,0
11640,0,0,0.279,-4.643,235.213,0,0,0,0
11641,0,0,0.278,-4.937,236.377,0,0,0,0
11642,0,0,0.31,-5.249,237.48,0,0,0,0
11643,0,0,0.409,-5.571,238.615,0,0,0,0
11644,0,0,0.345,-5.873,239.702,0,0,0,0
11645,0,0,0.327,-6.205,240.8,0,0,0,0
11646,0,0,0.351,-6.531,241.925,0,0,0,0
11647,0,0,0.378,-6.881,243.018,0,0,0,0
11648,0,0,0.393,-7.247,244.093,0,0,0,0
11649,0,0,0.419,-7.613,245.186,0,0,0,0
11650,0,0,0.427,-7.983,246.255,0,0,0,0
11651,0,0,0.424,-8.372,247.308,0,0,0,0
11652,0,0,0.424,-8.757,248.374,0,0,0,0
11653,0,0,0.445,-9.152,249.436,0,0,0,0
11654,0,0,0.489,-9.593,250.476,0,0,0,0
11655,0,0,0.467,-9.999,251.468,0,0,0,0
11656,0,0,0.446,-10.432,252.501,0,0,0,0
11657,0,0,0.472,-10.869,253.544,0,0,0,0
11658,0,0,0.499,-11.306,254.515,0,0,0,0
11659,0,0,0.53,-11.757,255.496,0,0,0,0
11660,0,0,0.564,-12.222,256.481,0,0,0,0
11661,0,0,0.598,-12.681,257.459,0,0,0,0
11662,0,0,0.542,-13.173,258.439,0,0,0,0
11663,0,0,0.493,-13.641,259.41,0,0,0,0
11664,0,0,0.56,-14.13,260.346,0,0,0,0
11665,0,0,0.595,-14.614,261.255,0,0,0,0
11666,0,0,0.622,-15.117,262.209,0,0,0,0
11667,0,0,0.605,-15.631,263.138,0,0,0,0
11668,0,0,0.607,-16.146,264.023,0,0,0,0
11669,0,0,0.633,-16.642,264.904,0,0,0,0
11670,0,0,0.673,-17.136,265.771,0,0,0,0
11671,0,0,0.653,-17.652,266.675,0,0,0,0
11672,0,0,0.615,-18.202,267.533,0,0,0,0
11673,0,0,0.642,-18.718,268.397,0,0,0,0
11674,0,0,0.683,-19.268,269.275,0,0,0,0
11675,0,0,0.697,-19.849,270.11,0,0,0,0
11676,0,0,0.717,-20.437,270.977,0,0,0,0
11677,0,0,0.73,-21.002,271.818,0,0,0,0
11678,0,0,0.738,-21.617,272.668,0,0,0,0
11679,0,0,0.755,-22.233,273.5,0,0,0,0
11680,0,0,0.774,-22.845,274.298,0,0,0,0
11681,0,0,0.764,-23.468,275.136,0,0,0,0
11682,0,0,0.768,-24.123,275.913,0,0,0,0
11683,0,0,0.777,-24.774,276.726,0,0,0,0
11684,0,0,0.777,-25.466,277.525,0,0,0,0
11685,0,0,0.787,-26.132,278.334,0,0,0,0
11686,0,0,0.736,-26.854,279.127,0,0,0,0
11687,0,0,0.806,-27.537,279.873,0,0,0,0
11688,0,0,0.926,-28.27,280.662,0,0,0,0
11689,0,0,0.953,-28.988,281.419,0,0,0,0
11690,0,0,0.911,-29.717,282.19,0,0,0,0
11691,0,0,0.931,-30.452,282.91,0,0,0,0
11692,0,0,0.924,-31.19,283.646,0,0,0,0
11693,0,0,0.935,-31.946,284.379,0,0,0,0
11694,0,0,0.969,-32.715,285.104,0,0,0,0
11695,0,0,0.969,-33.457,285.798,0,0,0,0
11696,0,0,0.971,-34.243,286.53,0,0,0,0
11697,0,0,0.902,-34.992,287.227,0,0,0,0
11698,0,0,0.982,-35.789,287.91,0,0,0,0
11699,0,0,1.051,-36.59,288.597,0,0,0,0
11700,0,0,1.073,-37.363,289.249,0,0,0,0
11701,0,0,0.972,-38.214,289.961,0,0,0,0
11702,0,0,1.024,-39.008,290.623,0,0,0,0
11703,0,0,1.082,-39.849,291.273,0,0,0,0
11704,0,0,1.091,-40.687,291.935,0,0,0,0
11705,0,0,1.091,-41.519,292.574,0,0,0,0
11706,0,0,1.101,-42.386,293.221,0,0,0,0
11707,0,0,1.115,-43.216,293.847,0,0,0,0
11708,0,0,1.111,-44.108,294.464,0,0,0,0
11709,0,0,1.143,-45.012,295.084,0,0,0,0
11710,0,0,1.174,-45.944,295.717,0,0,0,0
11711,0,0,1.261,-46.828,296.29,0,0,0,0
11712,0,0,1.205,-47.76,296.901,0,0,0,0
11713,0,0,1.203,-48.692,297.513,0,0,0,0
11714,0,0,1.235,-49.603,298.089,0,0,0,0
11715,0,0,1.286,-50.575,298.698,0,0,0,0
11716,0,0,1.292,-51.471,299.282,0,0,0,0
11717,0,0,1.233,-52.459,299.851,0,0,0,0
11718,0,0,1.209,-53.413,300.453,0,0,0,0
11719,0,0,1.273,-54.321,300.951,0,0,0,0
11720,0,0,1.294,-55.341,301.567,0,0,0,0
11721,0,0,1.329,-56.78,302.387,0,0,0,0
11722,0,0,1.402,-57.711,302.855,0,0,0,0
11723,0,0,1.383,-58.734,303.454,0,0,0,0
11724,0,0,1.37,-60.195,304.261,0,0,0,0
11725,0,0,1.388,-61.091,304.712,0,0,0,0
11726,0,0,1.419,-62.157,305.307,0,0,0,0
11727,0,0,1.407,-63.046,305.768,0,0,0,0
11728,0,0,1.415,-64.117,306.357,0,0,0,0
11729,0,0,1.465,-65.608,307.16,0,0,0,0
11730,0,0,1.503,-67.072,307.957,0,0,0,0
11731,0,0,1.492,-67.995,308.435,0,0,0,0
11732,0,0,1.515,-69.098,309.053,0,0,0,0
11733,0,0,1.523,-70.0,309.504,0,0,0,0
11734,0,0,1.549,-71.114,310.13,0,0,0,0
11735,0,0,1.568,-72.006,310.587,0,0,0,0
11736,0,0,1.59,-73.152,311.216,0,0,0,0
11737,0,0,1.604,-74.182,311.78,0,0,0,0
11738,0,0,1.632,-75.178,312.286,0,0,0,0
11739,0,0,1.691,-76.362,312.942,0,0,0,0
11740,0,0,1.697,-77.919,313.771,0,0,0,0
11741,0,0,1.746,-78.875,314.252,0,0,0,0
11742,0,0,1.73,-80.062,314.909,0,0,0,0
11743,0,0,1.674,-80.985,315.387,0,0,0,0
11744,0,0,1.801,-82.163,316.024,0,0,0,0
11745,0,0,1.773,-83.336,316.671,0,0,0,0
11746,0,0,1.806,-84.256,317.13,0,0,0,0
11747,0,0,1.85,-85.458,317.802,0,0,0,0
11748,0,0,1.853,-86.481,318.363,0,0,0,0
11749,0,0,1.876,-87.561,318.933,0,0,0,0
11750,0,0,1.897,-88.717,319.577,0,0,0,0
11751,0,0,1.917,-89.706,320.083,0,0,0,0
11752,0,0,1.871,-90.916,320.763,0,0,0,0
11753,0,0,1.936,-92.01,321.376,0,0,0,0
11754,0,0,1.936,-93.07,321.939,0,0,0,0
11755,0,0,1.948,-93.952,322.411,0,0,0,0
11756,0,0,1.961,-94.835,322.883,0,0,0,0
11757,0,0,1.973,-95.717,323.355,0,0,0,0
11758,0,0,1.986,-96.6,323.827,0,0,0,0
11759,0,0,1.999,-97.483,324.299,0,0,0,0
11760,0,0,2.011,-98.365,324.771,0,0,0,0
11761,0,0,2.024,-99.248,325.243,0,0,0,0
11762,0,0,2.036,-100.131,325.715,0,0,0,0
11763,0,0,2.049,-101.014,326.187,0,0,0,0
11764,0,0,2.062,-101.896,326.659,0,0,0,0
11765,0,0,2.074,-102.779,327.131,0,0,0,0
11766,0,0,2.087,-103.661,327.603,0,0,0,0
11767,0,0,2.1,-104.544,328.075,0,0,0,0
11768,0,0,2.112,-105.427,328.547,0,0,0,0
11769,0,0,2.125,-106.309,329.019,0,0,0,0
11770,0,0,2.137,-107.192,329.491,0,0,0,0
11771,0,0,2.15,-108.075,329.963,0,0,0,0
11772,0,0,2.163,-108.958,330.435,0,0,0,0
11773,0,0,2.175,-109.84,330.907,0,0,0,0
11774,0,0,2.188,-110.723,331.379,0,0,0,0
11775,0,0,2.201,-111.606,331.851,0,0,0,0
11776,0,0,2.213,-112.488,332.323,0,0,0,0
11777,0,0,2.226,-113.371,332.795,0,0,0,0
11778,0,0,2.238,-114.253,333.267,0,0,0,0
11779,0,0,2.251,-115.136,333.739,0,0,0,0
11780,0,0,2.264,-116.019,334.211,0,0,0,0
11781,0,0,2.276,-116.901,334.683,0,0,0,0
11782,0,0,2.289,-117.784,335.155,0,0,0,0
11783,0,0,2.302,-118.667,335.627,0,0,0,0
11784,0,0,2.314,-119.549,336.099,0,0,0,0
11785,0,0,2.327,-120.432,336.57,0,0,0,0
11786,0,0,2.339,-121.315,337.043,0,0,0,0
11787,0,0,2.352,-122.198,337.515,0,0,0,0
11788,0,0,2.365,-123.08,337.986,0,0,0,0
11789,0,0,2.377,-123.963,338.459,0,0,0,0
11790,0,0,2.39,-124.845,338.931,0,0,0,0
11791,0,0,2.403,-125.728,339.402,0,0,0,0
11792,0,0,2.415,-126.611,339.875,0,0,0,0
11793,0,0,2.428,-127.494,340.347,0,0,0,0
11794,0,0,2.44,-128.376,340.818,0,0,0,0
11795,0,0,2.453,-129.259,341.291,0,0,0,0
11796,0,0,2.466,-130.142,341.763,0,0,0,0
11797,0,0,2.478,-131.024,342.234,0,0,0,0
11798,0,0,2.491,-131.907,342.707,0,0,0,0
11799,0,0,2.504,-132.79,343.179,0,0,0,0
11800,0,0,2.528,-133.699,343.636,0,0,0,0
11801,0,0,2.541,-134.76,344.215,0,0,0,0
11802,0,0,2.539,-135.644,344.669,0,0,0,0
11803,0,0,2.531,-136.709,345.243,0,0,0,0
11804,0,0,2.564,-138.142,346.005,0,0,0,0
11805,0,0,2.613,-139.091,346.505,0,0,0,0
11806,0,0,2.627,-140.118,347.051,0,0,0,0
11807,0,0,2.638,-140.997,347.515,0,0,0,0
11808,0,0,2.719,-142.035,348.069,0,0,0,0
11809,0,0,2.628,-143.394,348.806,0,0,0,0
11810,0,0,2.724,-144.324,349.275,0,0,0,0
11811,0,0,2.744,-145.282,349.795,0,0,0,0
11812,0,0,2.635,-146.169,350.28,0,0,0,0
11813,0,0,2.614,-147.15,350.798,0,0,0,0
11814,0,0,2.601,-148.035,351.261,0,0,0,0
11815,0,0,2.625,-149.003,351.749,0,0,0,0
11816,0,0,2.718,-149.93,352.185,0,0,0,0
11817,0,0,2.83,-150.866,352.62,0,0,0,0
11818,0,0,2.721,-151.809,353.052,0,0,0,0
11819,0,0,2.71,-152.806,353.45,0,0,0,0
11820,0,0,2.708,-153.758,353.855,0,0,0,0
11821,0,0,2.778,-154.731,354.219,0,0,0,0
11822,0,0,2.898,-155.692,354.583,0,0,0,0
11823,0,0,2.854,-156.641,354.925,0,0,0,0
11824,0,0,2.881,-157.647,355.283,0,0,0,0
11825,0,0,2.836,-159.073,355.766,0,0,0,0
11826,0,0,2.865,-160.49,356.177,0,0,0,0
11827,0,0,2.867,-161.474,356.454,0,0,0,0
11828,0,0,2.861,-162.433,356.7,0,0,0,0
11829,0,0,2.88,-163.406,356.94,0,0,0,0
11830,0,0,2.916,-164.392,357.143,0,0,0,0
11831,0,0,2.913,-165.405,357.367,0,0,0,0
11832,0,0,2.935,-166.402,357.531,0,0,0,0
11833,0,0,2.928,-167.402,357.71,0,0,0,0
11834,0,0,2.932,-168.397,357.855,0,0,0,0
11835,0,0,2.947,-169.894,358.06,0,0,0,0
11836,0,0,2.963,-170.904,358.164,0,0,0,0
11837,0,0,2.978,-171.909,358.251,0,0,0,0
11838,0,0,2.975,-172.922,358.331,0,0,0,0
11839,0,0,2.982,-173.92,358.369,0,0,0,0
11840,0,0,2.995,-175.426,358.404,0,0,0,0
11841,0,0,3.005,-176.445,358.407,0,0,0,0
11842,0,0,3.018,-177.945,358.374,0,0,0,0
11843,0,0,3.039,-178.958,358.327,0,0,0,0
11844,0,0,3.026,-180.428,358.226,0,0,0,0
11845,0,0,3.051,-181.451,358.121,0,0,0,0
11846,0,0,3.066,-182.907,357.996,0,0,0,0
11847,0,0,3.093,-183.889,357.843,0,0,0,0
11848,0,0,3.09,-184.892,357.708,0,0,0,0
11849,0,0,3.099,-185.875,357.541,0,0,0,0
11850,0,0,3.109,-187.302,357.228,0,0,0,0
11851,0,0,3.103,-188.281,357.027,0,0,0,0
11852,0,0,3.122,-189.264,356.795,0,0,0,0
11853,0,0,3.122,-190.708,356.434,0,0,0,0
11854,0,0,3.122,-191.663,356.135,0,0,0,0
11855,0,0,3.134,-193.096,355.727,0,0,0,0
11856,0,0,3.133,-194.031,355.399,0,0,0,0
11857,0,0,3.129,-194.975,355.078,0,0,0,0
11858,0,0,3.145,-196.364,354.558,0,0,0,0
11859,0,0,3.154,-197.293,354.2,0,0,0,0
11860,0,0,3.173,-198.648,353.623,0,0,0,0
11861,0,0,3.165,-199.971,353.006,0,0,0,0
11862,0,0,3.175,-200.888,352.592,0,0,0,0
11863,0,0,3.146,-201.767,352.128,0,0,0,0
11864,0,0,3.201,-203.085,351.457,0,0,0,0
11865,0,0,3.194,-204.33,350.763,0,0,0,0
11866,0,0,3.202,-205.207,350.242,0,0,0,0
11867,0,0,3.204,-206.439,349.484,0,0,0,0
11868,0,0,3.141,-207.652,348.682,0,0,0,0
11869,0,0,3.194,-208.861,347.856,0,0,0,0
11870,0,0,3.173,-210.006,347.002,0,0,0,0
11871,0,0,3.216,-211.149,346.132,0,0,0,0
11872,0,0,3.221,-212.33,345.22,0,0,0,0
11873,0,0,3.225,-213.452,344.264,0,0,0,0
11874,0,0,3.21,-214.546,343.317,0,0,0,0
11875,0,0,3.22,-215.285,342.657,0,0,0,0
11876,0,0,3.234,-216.313,341.652,0,0,0,0
11877,0,0,3.226,-217.025,340.959,0,0,0,0
11878,0,0,3.221,-217.947,340.112,0,0,0,0
11879,0,0,3.216,-218.869,339.266,0,0,0,0
11880,0,0,3.238,-220.86,337.151,0,0,0,0
11881,0,0,3.262,-222.695,334.979,0,0,0,0
11882,0,0,3.261,-224.409,332.777,0,0,0,0
11883,0,0,3.256,-229.0,326.256,0,0,0,0
11884,0,0,3.314,-234.0,319.256,0,0,0,0
11885,0,0,3.261,-241.0,309.256,0,0,0,0
11886,0,0,3.241,-248.0,299.256,0,0,0,0
11887,0,0,3.248,-254.0,290.256,0,0,0,0
11888,0,0,3.262,-260.0,281.256,0,0,0,0
11889,0,0,3.256,-267.0,271.256,0,0,0,0
11890,0,0,3.253,-274.0,261.255,0,0,0,0
11891,0,0,3.237,-283.0,248.256,0,0,0,0
11892,0,0,3.249,-290.0,238.256,0,0,0,0
11893,0,0,3.251,-297.0,228.256,0,0,0,0
11894,0,0,3.252,-306.0,215.256,0,0,0,0
